Country,Agency,Agency Support,Number of Supporting Agencies,Pre-Primary,Primary,Secondary,Workforce Development,Education Systems Strengthening,Education Level Not Specified
Afghanistan,Millenium Challenge Corporation,TRUE,1,FALSE,TRUE,TRUE,FALSE,FALSE,FALSE
Afghanistan,The Peace Corps,FALSE,1,FALSE,FALSE,FALSE,FALSE,FALSE,FALSE
Afghanistan,U.S. Department of Agriculture,FALSE,1,FALSE,FALSE,FALSE,FALSE,FALSE,FALSE
Afghanistan,U.S. Department of Labor,FALSE,1,FALSE,FALSE,FALSE,FALSE,FALSE,FALSE
Afghanistan,U.S. Department of State,FALSE,1,FALSE,FALSE,FALSE,FALSE,FALSE,FALSE
Afghanistan,USAID,FALSE,1,FALSE,FALSE,FALSE,FALSE,FALSE,FALSE
Albania,Millenium Challenge Corporation,FALSE,1,FALSE,FALSE,FALSE,FALSE,FALSE,FALSE
Albania,The Peace Corps,TRUE,1,FALSE,FALSE,TRUE,TRUE,TRUE,FALSE
Albania,U.S. Department of Agriculture,FALSE,1,FALSE,FALSE,FALSE,FALSE,FALSE,FALSE
Albania,U.S. Department of Labor,FALSE,1,FALSE,FALSE,FALSE,FALSE,FALSE,FALSE
Albania,U.S. Department of State,FALSE,1,FALSE,FALSE,FALSE,FALSE,FALSE,FALSE
Albania,USAID,FALSE,1,FALSE,FALSE,FALSE,FALSE,FALSE,FALSE
Algeria,Millenium Challenge Corporation,FALSE,0,FALSE,FALSE,FALSE,FALSE,FALSE,FALSE
Algeria,The Peace Corps,FALSE,0,FALSE,FALSE,FALSE,FALSE,FALSE,FALSE
Algeria,U.S. Department of Agriculture,FALSE,0,FALSE,FALSE,FALSE,FALSE,FALSE,FALSE
Algeria,U.S. Department of Labor,FALSE,0,FALSE,FALSE,FALSE,FALSE,FALSE,FALSE
Algeria,U.S. Department of State,FALSE,0,FALSE,FALSE,FALSE,FALSE,FALSE,FALSE
Algeria,USAID,FALSE,0,FALSE,FALSE,FALSE,FALSE,FALSE,FALSE
Andorra,Millenium Challenge Corporation,FALSE,0,FALSE,FALSE,FALSE,FALSE,FALSE,FALSE
Andorra,The Peace Corps,FALSE,0,FALSE,FALSE,FALSE,FALSE,FALSE,FALSE
Andorra,U.S. Department of Agriculture,FALSE,0,FALSE,FALSE,FALSE,FALSE,FALSE,FALSE
Andorra,U.S. Department of Labor,FALSE,0,FALSE,FALSE,FALSE,FALSE,FALSE,FALSE
Andorra,U.S. Department of Labor,FALSE,0,FALSE,FALSE,FALSE,FALSE,FALSE,FALSE
Andorra,U.S. Department of State,FALSE,0,FALSE,FALSE,FALSE,FALSE,FALSE,FALSE
Andorra,USAID,FALSE,0,FALSE,FALSE,FALSE,FALSE,FALSE,FALSE
Angola,Millenium Challenge Corporation,FALSE,0,FALSE,FALSE,FALSE,FALSE,FALSE,FALSE
Angola,The Peace Corps,FALSE,0,FALSE,FALSE,FALSE,FALSE,FALSE,FALSE
Angola,U.S. Department of Agriculture,FALSE,0,FALSE,FALSE,FALSE,FALSE,FALSE,FALSE
Angola,U.S. Department of Labor,FALSE,0,FALSE,FALSE,FALSE,FALSE,FALSE,FALSE
Angola,U.S. Department of State,FALSE,0,FALSE,FALSE,FALSE,FALSE,FALSE,FALSE
Angola,USAID,FALSE,0,FALSE,FALSE,FALSE,FALSE,FALSE,FALSE
Antigua and Barbuda,Millenium Challenge Corporation,FALSE,0,FALSE,FALSE,FALSE,FALSE,FALSE,FALSE
Antigua and Barbuda,The Peace Corps,FALSE,0,FALSE,FALSE,FALSE,FALSE,FALSE,FALSE
Antigua and Barbuda,U.S. Department of Agriculture,FALSE,0,FALSE,FALSE,FALSE,FALSE,FALSE,FALSE
Antigua and Barbuda,U.S. Department of Labor,FALSE,0,FALSE,FALSE,FALSE,FALSE,FALSE,FALSE
Antigua and Barbuda,U.S. Department of State,FALSE,0,FALSE,FALSE,FALSE,FALSE,FALSE,FALSE
Antigua and Barbuda,USAID,FALSE,0,FALSE,FALSE,FALSE,FALSE,FALSE,FALSE
Argentina,Millenium Challenge Corporation,FALSE,0,FALSE,FALSE,FALSE,FALSE,FALSE,FALSE
Argentina,The Peace Corps,FALSE,0,FALSE,FALSE,FALSE,FALSE,FALSE,FALSE
Argentina,U.S. Department of Agriculture,FALSE,0,FALSE,FALSE,FALSE,FALSE,FALSE,FALSE
Argentina,U.S. Department of Labor,FALSE,0,FALSE,FALSE,FALSE,FALSE,FALSE,FALSE
Argentina,U.S. Department of State,FALSE,0,FALSE,FALSE,FALSE,FALSE,FALSE,FALSE
Argentina,USAID,FALSE,0,FALSE,FALSE,FALSE,FALSE,FALSE,FALSE
Armenia,Millenium Challenge Corporation,FALSE,2,FALSE,FALSE,FALSE,FALSE,FALSE,FALSE
Armenia,The Peace Corps,TRUE,2,FALSE,FALSE,TRUE,TRUE,TRUE,FALSE
Armenia,U.S. Department of Agriculture,FALSE,2,FALSE,FALSE,FALSE,FALSE,FALSE,FALSE
Armenia,U.S. Department of Labor,FALSE,2,FALSE,FALSE,FALSE,FALSE,FALSE,FALSE
Armenia,U.S. Department of State,TRUE,2,FALSE,FALSE,FALSE,TRUE,FALSE,FALSE
Armenia,USAID,FALSE,2,FALSE,FALSE,FALSE,FALSE,FALSE,FALSE
Australia,Millenium Challenge Corporation,FALSE,0,FALSE,FALSE,FALSE,FALSE,FALSE,FALSE
Australia,The Peace Corps,FALSE,0,FALSE,FALSE,FALSE,FALSE,FALSE,FALSE
Australia,U.S. Department of Agriculture,FALSE,0,FALSE,FALSE,FALSE,FALSE,FALSE,FALSE
Australia,U.S. Department of Labor,FALSE,0,FALSE,FALSE,FALSE,FALSE,FALSE,FALSE
Australia,U.S. Department of State,FALSE,0,FALSE,FALSE,FALSE,FALSE,FALSE,FALSE
Australia,USAID,FALSE,0,FALSE,FALSE,FALSE,FALSE,FALSE,FALSE
Austria,Millenium Challenge Corporation,FALSE,0,FALSE,FALSE,FALSE,FALSE,FALSE,FALSE
Austria,The Peace Corps,FALSE,0,FALSE,FALSE,FALSE,FALSE,FALSE,FALSE
Austria,U.S. Department of Agriculture,FALSE,0,FALSE,FALSE,FALSE,FALSE,FALSE,FALSE
Austria,U.S. Department of Labor,FALSE,0,FALSE,FALSE,FALSE,FALSE,FALSE,FALSE
Austria,U.S. Department of State,FALSE,0,FALSE,FALSE,FALSE,FALSE,FALSE,FALSE
Austria,USAID,FALSE,0,FALSE,FALSE,FALSE,FALSE,FALSE,FALSE
Azerbaijan,Millenium Challenge Corporation,FALSE,0,FALSE,FALSE,FALSE,FALSE,FALSE,FALSE
Azerbaijan,The Peace Corps,FALSE,0,FALSE,FALSE,FALSE,FALSE,FALSE,FALSE
Azerbaijan,U.S. Department of Agriculture,FALSE,0,FALSE,FALSE,FALSE,FALSE,FALSE,FALSE
Azerbaijan,U.S. Department of Labor,FALSE,0,FALSE,FALSE,FALSE,FALSE,FALSE,FALSE
Azerbaijan,U.S. Department of State,FALSE,0,FALSE,FALSE,FALSE,FALSE,FALSE,FALSE
Azerbaijan,USAID,FALSE,0,FALSE,FALSE,FALSE,FALSE,FALSE,FALSE
"Bahamas, The",Millenium Challenge Corporation,FALSE,0,FALSE,FALSE,FALSE,FALSE,FALSE,FALSE
"Bahamas, The",The Peace Corps,FALSE,0,FALSE,FALSE,FALSE,FALSE,FALSE,FALSE
"Bahamas, The",U.S. Department of Agriculture,FALSE,0,FALSE,FALSE,FALSE,FALSE,FALSE,FALSE
"Bahamas, The",U.S. Department of Labor,FALSE,0,FALSE,FALSE,FALSE,FALSE,FALSE,FALSE
"Bahamas, The",U.S. Department of State,FALSE,0,FALSE,FALSE,FALSE,FALSE,FALSE,FALSE
"Bahamas, The",USAID,FALSE,0,FALSE,FALSE,FALSE,FALSE,FALSE,FALSE
Bahrain,Millenium Challenge Corporation,FALSE,0,FALSE,FALSE,FALSE,FALSE,FALSE,FALSE
Bahrain,The Peace Corps,FALSE,0,FALSE,FALSE,FALSE,FALSE,FALSE,FALSE
Bahrain,U.S. Department of Agriculture,FALSE,0,FALSE,FALSE,FALSE,FALSE,FALSE,FALSE
Bahrain,U.S. Department of Labor,FALSE,0,FALSE,FALSE,FALSE,FALSE,FALSE,FALSE
Bahrain,U.S. Department of State,FALSE,0,FALSE,FALSE,FALSE,FALSE,FALSE,FALSE
Bahrain,USAID,FALSE,0,FALSE,FALSE,FALSE,FALSE,FALSE,FALSE
Bangladesh,Millenium Challenge Corporation,FALSE,3,FALSE,FALSE,FALSE,FALSE,FALSE,FALSE
Bangladesh,The Peace Corps,FALSE,3,FALSE,FALSE,FALSE,FALSE,FALSE,FALSE
Bangladesh,U.S. Department of Agriculture,TRUE,3,TRUE,TRUE,FALSE,FALSE,FALSE,FALSE
Bangladesh,U.S. Department of Labor,FALSE,3,FALSE,FALSE,FALSE,FALSE,FALSE,FALSE
Bangladesh,U.S. Department of State,TRUE,3,FALSE,FALSE,TRUE,FALSE,FALSE,FALSE
Bangladesh,USAID,TRUE,3,TRUE,TRUE,TRUE,TRUE,TRUE,FALSE
Barbados,Millenium Challenge Corporation,FALSE,1,FALSE,FALSE,FALSE,FALSE,FALSE,FALSE
Barbados,The Peace Corps,FALSE,1,FALSE,FALSE,FALSE,FALSE,FALSE,FALSE
Barbados,U.S. Department of Agriculture,FALSE,1,FALSE,FALSE,FALSE,FALSE,FALSE,FALSE
Barbados,U.S. Department of Labor,FALSE,1,FALSE,FALSE,FALSE,FALSE,FALSE,FALSE
Barbados,U.S. Department of State,TRUE,1,FALSE,FALSE,FALSE,FALSE,FALSE,TRUE
Barbados,USAID,FALSE,1,FALSE,FALSE,FALSE,FALSE,FALSE,FALSE
Belarus,Millenium Challenge Corporation,FALSE,0,FALSE,FALSE,FALSE,FALSE,FALSE,FALSE
Belarus,The Peace Corps,FALSE,0,FALSE,FALSE,FALSE,FALSE,FALSE,FALSE
Belarus,U.S. Department of Agriculture,FALSE,0,FALSE,FALSE,FALSE,FALSE,FALSE,FALSE
Belarus,U.S. Department of Labor,FALSE,0,FALSE,FALSE,FALSE,FALSE,FALSE,FALSE
Belarus,U.S. Department of State,FALSE,0,FALSE,FALSE,FALSE,FALSE,FALSE,FALSE
Belarus,USAID,FALSE,0,FALSE,FALSE,FALSE,FALSE,FALSE,FALSE
Belgium,Millenium Challenge Corporation,FALSE,0,FALSE,FALSE,FALSE,FALSE,FALSE,FALSE
Belgium,The Peace Corps,FALSE,0,FALSE,FALSE,FALSE,FALSE,FALSE,FALSE
Belgium,U.S. Department of Agriculture,FALSE,0,FALSE,FALSE,FALSE,FALSE,FALSE,FALSE
Belgium,U.S. Department of Labor,FALSE,0,FALSE,FALSE,FALSE,FALSE,FALSE,FALSE
Belgium,U.S. Department of State,FALSE,0,FALSE,FALSE,FALSE,FALSE,FALSE,FALSE
Belgium,USAID,FALSE,0,FALSE,FALSE,FALSE,FALSE,FALSE,FALSE
Belize,Millenium Challenge Corporation,TRUE,1,FALSE,TRUE,TRUE,TRUE,TRUE,FALSE
Belize,The Peace Corps,FALSE,1,FALSE,FALSE,FALSE,FALSE,FALSE,FALSE
Belize,U.S. Department of Agriculture,FALSE,1,FALSE,FALSE,FALSE,FALSE,FALSE,FALSE
Belize,U.S. Department of Labor,FALSE,1,FALSE,FALSE,FALSE,FALSE,FALSE,FALSE
Belize,U.S. Department of State,FALSE,1,FALSE,FALSE,FALSE,FALSE,FALSE,FALSE
Belize,USAID,FALSE,1,FALSE,FALSE,FALSE,FALSE,FALSE,FALSE
Benin,Millenium Challenge Corporation,FALSE,2,FALSE,FALSE,FALSE,FALSE,FALSE,FALSE
Benin,The Peace Corps,TRUE,2,FALSE,FALSE,TRUE,TRUE,TRUE,FALSE
Benin,U.S. Department of Agriculture,TRUE,2,TRUE,TRUE,FALSE,FALSE,FALSE,FALSE
Benin,U.S. Department of Labor,FALSE,2,FALSE,FALSE,FALSE,FALSE,FALSE,FALSE
Benin,U.S. Department of State,FALSE,2,FALSE,FALSE,FALSE,FALSE,FALSE,FALSE
Benin,USAID,FALSE,2,FALSE,FALSE,FALSE,FALSE,FALSE,FALSE
Bhutan,Millenium Challenge Corporation,FALSE,0,FALSE,FALSE,FALSE,FALSE,FALSE,FALSE
Bhutan,The Peace Corps,FALSE,0,FALSE,FALSE,FALSE,FALSE,FALSE,FALSE
Bhutan,U.S. Department of Agriculture,FALSE,0,FALSE,FALSE,FALSE,FALSE,FALSE,FALSE
Bhutan,U.S. Department of Labor,FALSE,0,FALSE,FALSE,FALSE,FALSE,FALSE,FALSE
Bhutan,U.S. Department of State,FALSE,0,FALSE,FALSE,FALSE,FALSE,FALSE,FALSE
Bhutan,USAID,FALSE,0,FALSE,FALSE,FALSE,FALSE,FALSE,FALSE
Bolivia,Millenium Challenge Corporation,FALSE,0,FALSE,FALSE,FALSE,FALSE,FALSE,FALSE
Bolivia,The Peace Corps,FALSE,0,FALSE,FALSE,FALSE,FALSE,FALSE,FALSE
Bolivia,U.S. Department of Agriculture,FALSE,0,FALSE,FALSE,FALSE,FALSE,FALSE,FALSE
Bolivia,U.S. Department of Labor,FALSE,0,FALSE,FALSE,FALSE,FALSE,FALSE,FALSE
Bolivia,U.S. Department of State,FALSE,0,FALSE,FALSE,FALSE,FALSE,FALSE,FALSE
Bolivia,USAID,FALSE,0,FALSE,FALSE,FALSE,FALSE,FALSE,FALSE
Bosnia and Herzegovina,Millenium Challenge Corporation,FALSE,1,FALSE,FALSE,FALSE,FALSE,FALSE,FALSE
Bosnia and Herzegovina,The Peace Corps,FALSE,1,FALSE,FALSE,FALSE,FALSE,FALSE,FALSE
Bosnia and Herzegovina,U.S. Department of Agriculture,FALSE,1,FALSE,FALSE,FALSE,FALSE,FALSE,FALSE
Bosnia and Herzegovina,U.S. Department of Labor,FALSE,1,FALSE,FALSE,FALSE,FALSE,FALSE,FALSE
Bosnia and Herzegovina,U.S. Department of State,FALSE,1,FALSE,FALSE,FALSE,FALSE,FALSE,FALSE
Bosnia and Herzegovina,USAID,TRUE,1,FALSE,TRUE,TRUE,TRUE,TRUE,FALSE
Botswana,Millenium Challenge Corporation,FALSE,1,FALSE,FALSE,FALSE,FALSE,FALSE,FALSE
Botswana,The Peace Corps,FALSE,1,FALSE,FALSE,FALSE,FALSE,FALSE,FALSE
Botswana,U.S. Department of Agriculture,FALSE,1,FALSE,FALSE,FALSE,FALSE,FALSE,FALSE
Botswana,U.S. Department of Labor,FALSE,1,FALSE,FALSE,FALSE,FALSE,FALSE,FALSE
Botswana,U.S. Department of State,TRUE,1,TRUE,TRUE,TRUE,TRUE,TRUE,FALSE
Botswana,USAID,FALSE,1,FALSE,FALSE,FALSE,FALSE,FALSE,FALSE
Brazil,Millenium Challenge Corporation,FALSE,1,FALSE,FALSE,FALSE,FALSE,FALSE,FALSE
Brazil,The Peace Corps,FALSE,1,FALSE,FALSE,FALSE,FALSE,FALSE,FALSE
Brazil,U.S. Department of Agriculture,FALSE,1,FALSE,FALSE,FALSE,FALSE,FALSE,FALSE
Brazil,U.S. Department of Labor,FALSE,1,FALSE,FALSE,FALSE,FALSE,FALSE,FALSE
Brazil,U.S. Department of State,TRUE,1,FALSE,FALSE,FALSE,FALSE,FALSE,TRUE
Brazil,USAID,FALSE,1,FALSE,FALSE,FALSE,FALSE,FALSE,FALSE
Brunei,Millenium Challenge Corporation,FALSE,0,FALSE,FALSE,FALSE,FALSE,FALSE,FALSE
Brunei,The Peace Corps,FALSE,0,FALSE,FALSE,FALSE,FALSE,FALSE,FALSE
Brunei,U.S. Department of Agriculture,FALSE,0,FALSE,FALSE,FALSE,FALSE,FALSE,FALSE
Brunei,U.S. Department of Labor,FALSE,0,FALSE,FALSE,FALSE,FALSE,FALSE,FALSE
Brunei,U.S. Department of State,FALSE,0,FALSE,FALSE,FALSE,FALSE,FALSE,FALSE
Brunei,USAID,FALSE,0,FALSE,FALSE,FALSE,FALSE,FALSE,FALSE
Bulgaria,Millenium Challenge Corporation,FALSE,0,FALSE,FALSE,FALSE,FALSE,FALSE,FALSE
Bulgaria,The Peace Corps,FALSE,0,FALSE,FALSE,FALSE,FALSE,FALSE,FALSE
Bulgaria,U.S. Department of Agriculture,FALSE,0,FALSE,FALSE,FALSE,FALSE,FALSE,FALSE
Bulgaria,U.S. Department of Labor,FALSE,0,FALSE,FALSE,FALSE,FALSE,FALSE,FALSE
Bulgaria,U.S. Department of State,FALSE,0,FALSE,FALSE,FALSE,FALSE,FALSE,FALSE
Bulgaria,USAID,FALSE,0,FALSE,FALSE,FALSE,FALSE,FALSE,FALSE
Burkina Faso,Millenium Challenge Corporation,FALSE,2,FALSE,FALSE,FALSE,FALSE,FALSE,FALSE
Burkina Faso,The Peace Corps,FALSE,2,FALSE,FALSE,FALSE,FALSE,FALSE,FALSE
Burkina Faso,U.S. Department of Agriculture,TRUE,2,TRUE,TRUE,FALSE,FALSE,FALSE,FALSE
Burkina Faso,U.S. Department of Labor,FALSE,2,FALSE,FALSE,FALSE,FALSE,FALSE,FALSE
Burkina Faso,U.S. Department of State,FALSE,2,FALSE,FALSE,FALSE,FALSE,FALSE,FALSE
Burkina Faso,USAID,TRUE,2,FALSE,TRUE,FALSE,TRUE,FALSE,FALSE
Burma,Millenium Challenge Corporation,FALSE,1,FALSE,FALSE,FALSE,FALSE,FALSE,FALSE
Burma,The Peace Corps,FALSE,1,FALSE,FALSE,FALSE,FALSE,FALSE,FALSE
Burma,U.S. Department of Agriculture,FALSE,1,FALSE,FALSE,FALSE,FALSE,FALSE,FALSE
Burma,U.S. Department of Labor,FALSE,1,FALSE,FALSE,FALSE,FALSE,FALSE,FALSE
Burma,U.S. Department of State,FALSE,1,FALSE,FALSE,FALSE,FALSE,FALSE,FALSE
Burma,USAID,TRUE,1,FALSE,TRUE,FALSE,FALSE,TRUE,FALSE
Burundi,Millenium Challenge Corporation,FALSE,2,FALSE,FALSE,FALSE,FALSE,FALSE,FALSE
Burundi,The Peace Corps,FALSE,2,FALSE,FALSE,FALSE,FALSE,FALSE,FALSE
Burundi,U.S. Department of Agriculture,TRUE,2,TRUE,TRUE,FALSE,FALSE,FALSE,FALSE
Burundi,U.S. Department of Labor,FALSE,2,FALSE,FALSE,FALSE,FALSE,FALSE,FALSE
Burundi,U.S. Department of State,TRUE,2,TRUE,TRUE,TRUE,FALSE,FALSE,FALSE
Burundi,USAID,FALSE,2,FALSE,FALSE,FALSE,FALSE,FALSE,FALSE
Cabo Verde,Millenium Challenge Corporation,FALSE,0,FALSE,FALSE,FALSE,FALSE,FALSE,FALSE
Cabo Verde,The Peace Corps,FALSE,0,FALSE,FALSE,FALSE,FALSE,FALSE,FALSE
Cabo Verde,U.S. Department of Agriculture,FALSE,0,FALSE,FALSE,FALSE,FALSE,FALSE,FALSE
Cabo Verde,U.S. Department of Labor,FALSE,0,FALSE,FALSE,FALSE,FALSE,FALSE,FALSE
Cabo Verde,U.S. Department of State,FALSE,0,FALSE,FALSE,FALSE,FALSE,FALSE,FALSE
Cabo Verde,USAID,FALSE,0,FALSE,FALSE,FALSE,FALSE,FALSE,FALSE
Cambodia,Millenium Challenge Corporation,FALSE,4,FALSE,FALSE,FALSE,FALSE,FALSE,FALSE
Cambodia,The Peace Corps,TRUE,4,FALSE,TRUE,TRUE,TRUE,TRUE,FALSE
Cambodia,U.S. Department of Agriculture,TRUE,4,TRUE,TRUE,FALSE,FALSE,FALSE,FALSE
Cambodia,U.S. Department of Labor,FALSE,4,FALSE,FALSE,FALSE,FALSE,FALSE,FALSE
Cambodia,U.S. Department of State,TRUE,4,FALSE,TRUE,TRUE,FALSE,FALSE,FALSE
Cambodia,USAID,TRUE,4,FALSE,TRUE,FALSE,TRUE,TRUE,FALSE
Cameroon,Millenium Challenge Corporation,FALSE,2,FALSE,FALSE,FALSE,FALSE,FALSE,FALSE
Cameroon,The Peace Corps,TRUE,2,FALSE,TRUE,TRUE,TRUE,TRUE,FALSE
Cameroon,U.S. Department of Agriculture,FALSE,2,FALSE,FALSE,FALSE,FALSE,FALSE,FALSE
Cameroon,U.S. Department of Labor,FALSE,2,FALSE,FALSE,FALSE,FALSE,FALSE,FALSE
Cameroon,U.S. Department of State,TRUE,2,TRUE,TRUE,TRUE,FALSE,FALSE,FALSE
Cameroon,USAID,FALSE,2,FALSE,FALSE,FALSE,FALSE,FALSE,FALSE
Canada,Millenium Challenge Corporation,FALSE,0,FALSE,FALSE,FALSE,FALSE,FALSE,FALSE
Canada,The Peace Corps,FALSE,0,FALSE,FALSE,FALSE,FALSE,FALSE,FALSE
Canada,U.S. Department of Agriculture,FALSE,0,FALSE,FALSE,FALSE,FALSE,FALSE,FALSE
Canada,U.S. Department of Labor,FALSE,0,FALSE,FALSE,FALSE,FALSE,FALSE,FALSE
Canada,U.S. Department of State,FALSE,0,FALSE,FALSE,FALSE,FALSE,FALSE,FALSE
Canada,USAID,FALSE,0,FALSE,FALSE,FALSE,FALSE,FALSE,FALSE
Central African Republic,Millenium Challenge Corporation,FALSE,0,FALSE,FALSE,FALSE,FALSE,FALSE,FALSE
Central African Republic,The Peace Corps,FALSE,0,FALSE,FALSE,FALSE,FALSE,FALSE,FALSE
Central African Republic,U.S. Department of Agriculture,FALSE,0,FALSE,FALSE,FALSE,FALSE,FALSE,FALSE
Central African Republic,U.S. Department of Labor,FALSE,0,FALSE,FALSE,FALSE,FALSE,FALSE,FALSE
Central African Republic,U.S. Department of State,FALSE,0,FALSE,FALSE,FALSE,FALSE,FALSE,FALSE
Central African Republic,USAID,FALSE,0,FALSE,FALSE,FALSE,FALSE,FALSE,FALSE
Chad,Millenium Challenge Corporation,FALSE,1,FALSE,FALSE,FALSE,FALSE,FALSE,FALSE
Chad,The Peace Corps,FALSE,1,FALSE,FALSE,FALSE,FALSE,FALSE,FALSE
Chad,U.S. Department of Agriculture,FALSE,1,FALSE,FALSE,FALSE,FALSE,FALSE,FALSE
Chad,U.S. Department of Labor,FALSE,1,FALSE,FALSE,FALSE,FALSE,FALSE,FALSE
Chad,U.S. Department of State,TRUE,1,FALSE,FALSE,FALSE,FALSE,FALSE,TRUE
Chad,USAID,FALSE,1,FALSE,FALSE,FALSE,FALSE,FALSE,FALSE
Chile,Millenium Challenge Corporation,FALSE,0,FALSE,FALSE,FALSE,FALSE,FALSE,FALSE
Chile,The Peace Corps,FALSE,0,FALSE,FALSE,FALSE,FALSE,FALSE,FALSE
Chile,U.S. Department of Agriculture,FALSE,0,FALSE,FALSE,FALSE,FALSE,FALSE,FALSE
Chile,U.S. Department of Labor,FALSE,0,FALSE,FALSE,FALSE,FALSE,FALSE,FALSE
Chile,U.S. Department of State,FALSE,0,FALSE,FALSE,FALSE,FALSE,FALSE,FALSE
Chile,USAID,FALSE,0,FALSE,FALSE,FALSE,FALSE,FALSE,FALSE
China,Millenium Challenge Corporation,FALSE,0,FALSE,FALSE,FALSE,FALSE,FALSE,FALSE
China,The Peace Corps,FALSE,0,FALSE,FALSE,FALSE,FALSE,FALSE,FALSE
China,U.S. Department of Agriculture,FALSE,0,FALSE,FALSE,FALSE,FALSE,FALSE,FALSE
China,U.S. Department of Labor,FALSE,0,FALSE,FALSE,FALSE,FALSE,FALSE,FALSE
China,U.S. Department of State,FALSE,0,FALSE,FALSE,FALSE,FALSE,FALSE,FALSE
China,USAID,FALSE,0,FALSE,FALSE,FALSE,FALSE,FALSE,FALSE
Colombia,Millenium Challenge Corporation,FALSE,3,FALSE,FALSE,FALSE,FALSE,FALSE,FALSE
Colombia,The Peace Corps,TRUE,3,FALSE,FALSE,TRUE,TRUE,TRUE,FALSE
Colombia,U.S. Department of Agriculture,FALSE,3,FALSE,FALSE,FALSE,FALSE,FALSE,FALSE
Colombia,U.S. Department of Labor,FALSE,3,FALSE,FALSE,FALSE,FALSE,FALSE,FALSE
Colombia,U.S. Department of State,TRUE,3,FALSE,FALSE,FALSE,FALSE,FALSE,TRUE
Colombia,USAID,TRUE,3,TRUE,TRUE,TRUE,TRUE,TRUE,FALSE
Comoros,Millenium Challenge Corporation,FALSE,1,FALSE,FALSE,FALSE,FALSE,FALSE,FALSE
Comoros,The Peace Corps,TRUE,1,FALSE,FALSE,TRUE,TRUE,TRUE,FALSE
Comoros,U.S. Department of Agriculture,FALSE,1,FALSE,FALSE,FALSE,FALSE,FALSE,FALSE
Comoros,U.S. Department of Labor,FALSE,1,FALSE,FALSE,FALSE,FALSE,FALSE,FALSE
Comoros,U.S. Department of State,FALSE,1,FALSE,FALSE,FALSE,FALSE,FALSE,FALSE
Comoros,USAID,FALSE,1,FALSE,FALSE,FALSE,FALSE,FALSE,FALSE
Congo (Brazzaville),Millenium Challenge Corporation,FALSE,1,FALSE,FALSE,FALSE,FALSE,FALSE,FALSE
Congo (Brazzaville),The Peace Corps,FALSE,1,FALSE,FALSE,FALSE,FALSE,FALSE,FALSE
Congo (Brazzaville),U.S. Department of Agriculture,TRUE,1,TRUE,TRUE,FALSE,FALSE,FALSE,FALSE
Congo (Brazzaville),U.S. Department of Labor,FALSE,1,FALSE,FALSE,FALSE,FALSE,FALSE,FALSE
Congo (Brazzaville),U.S. Department of State,FALSE,1,FALSE,FALSE,FALSE,FALSE,FALSE,FALSE
Congo (Brazzaville),USAID,FALSE,1,FALSE,FALSE,FALSE,FALSE,FALSE,FALSE
Congo (Kinshasa),Millenium Challenge Corporation,FALSE,2,FALSE,FALSE,FALSE,FALSE,FALSE,FALSE
Congo (Kinshasa),The Peace Corps,FALSE,2,FALSE,FALSE,FALSE,FALSE,FALSE,FALSE
Congo (Kinshasa),U.S. Department of Agriculture,FALSE,2,FALSE,FALSE,FALSE,FALSE,FALSE,FALSE
Congo (Kinshasa),U.S. Department of Labor,FALSE,2,FALSE,FALSE,FALSE,FALSE,FALSE,FALSE
Congo (Kinshasa),U.S. Department of State,TRUE,2,TRUE,TRUE,TRUE,FALSE,FALSE,FALSE
Congo (Kinshasa),USAID,TRUE,2,FALSE,TRUE,FALSE,TRUE,TRUE,FALSE
Cook Islands,Millenium Challenge Corporation,FALSE,0,FALSE,FALSE,FALSE,FALSE,FALSE,FALSE
Cook Islands,The Peace Corps,FALSE,0,FALSE,FALSE,FALSE,FALSE,FALSE,FALSE
Cook Islands,U.S. Department of Agriculture,FALSE,0,FALSE,FALSE,FALSE,FALSE,FALSE,FALSE
Cook Islands,U.S. Department of Labor,FALSE,0,FALSE,FALSE,FALSE,FALSE,FALSE,FALSE
Cook Islands,U.S. Department of State,FALSE,0,FALSE,FALSE,FALSE,FALSE,FALSE,FALSE
Cook Islands,USAID,FALSE,0,FALSE,FALSE,FALSE,FALSE,FALSE,FALSE
Costa Rica,Millenium Challenge Corporation,FALSE,1,FALSE,FALSE,FALSE,FALSE,FALSE,FALSE
Costa Rica,The Peace Corps,TRUE,1,FALSE,TRUE,TRUE,TRUE,TRUE,FALSE
Costa Rica,U.S. Department of Agriculture,FALSE,1,FALSE,FALSE,FALSE,FALSE,FALSE,FALSE
Costa Rica,U.S. Department of Labor,FALSE,1,FALSE,FALSE,FALSE,FALSE,FALSE,FALSE
Costa Rica,U.S. Department of State,FALSE,1,FALSE,FALSE,FALSE,FALSE,FALSE,FALSE
Costa Rica,USAID,FALSE,1,FALSE,FALSE,FALSE,FALSE,FALSE,FALSE
Côte d’Ivoire,Millenium Challenge Corporation,TRUE,3,FALSE,FALSE,TRUE,TRUE,TRUE,FALSE
Côte d’Ivoire,The Peace Corps,FALSE,3,FALSE,FALSE,FALSE,FALSE,FALSE,FALSE
Côte d’Ivoire,U.S. Department of Agriculture,TRUE,3,FALSE,TRUE,TRUE,FALSE,FALSE,FALSE
Côte d’Ivoire,U.S. Department of Labor,FALSE,3,FALSE,FALSE,FALSE,FALSE,FALSE,FALSE
Côte d’Ivoire,U.S. Department of State,TRUE,3,TRUE,TRUE,TRUE,TRUE,TRUE,FALSE
Côte d’Ivoire,USAID,FALSE,3,FALSE,FALSE,FALSE,FALSE,FALSE,FALSE
Croatia,Millenium Challenge Corporation,FALSE,0,FALSE,FALSE,FALSE,FALSE,FALSE,FALSE
Croatia,The Peace Corps,FALSE,0,FALSE,FALSE,FALSE,FALSE,FALSE,FALSE
Croatia,U.S. Department of Agriculture,FALSE,0,FALSE,FALSE,FALSE,FALSE,FALSE,FALSE
Croatia,U.S. Department of Labor,FALSE,0,FALSE,FALSE,FALSE,FALSE,FALSE,FALSE
Croatia,U.S. Department of State,FALSE,0,FALSE,FALSE,FALSE,FALSE,FALSE,FALSE
Croatia,USAID,FALSE,0,FALSE,FALSE,FALSE,FALSE,FALSE,FALSE
Cuba,Millenium Challenge Corporation,FALSE,0,FALSE,FALSE,FALSE,FALSE,FALSE,FALSE
Cuba,The Peace Corps,FALSE,0,FALSE,FALSE,FALSE,FALSE,FALSE,FALSE
Cuba,U.S. Department of Agriculture,FALSE,0,FALSE,FALSE,FALSE,FALSE,FALSE,FALSE
Cuba,U.S. Department of Labor,FALSE,0,FALSE,FALSE,FALSE,FALSE,FALSE,FALSE
Cuba,U.S. Department of State,FALSE,0,FALSE,FALSE,FALSE,FALSE,FALSE,FALSE
Cuba,USAID,FALSE,0,FALSE,FALSE,FALSE,FALSE,FALSE,FALSE
Cyprus,Millenium Challenge Corporation,FALSE,0,FALSE,FALSE,FALSE,FALSE,FALSE,FALSE
Cyprus,The Peace Corps,FALSE,0,FALSE,FALSE,FALSE,FALSE,FALSE,FALSE
Cyprus,U.S. Department of Agriculture,FALSE,0,FALSE,FALSE,FALSE,FALSE,FALSE,FALSE
Cyprus,U.S. Department of Labor,FALSE,0,FALSE,FALSE,FALSE,FALSE,FALSE,FALSE
Cyprus,U.S. Department of State,FALSE,0,FALSE,FALSE,FALSE,FALSE,FALSE,FALSE
Cyprus,USAID,FALSE,0,FALSE,FALSE,FALSE,FALSE,FALSE,FALSE
Czechia,Millenium Challenge Corporation,FALSE,0,FALSE,FALSE,FALSE,FALSE,FALSE,FALSE
Czechia,The Peace Corps,FALSE,0,FALSE,FALSE,FALSE,FALSE,FALSE,FALSE
Czechia,U.S. Department of Agriculture,FALSE,0,FALSE,FALSE,FALSE,FALSE,FALSE,FALSE
Czechia,U.S. Department of Labor,FALSE,0,FALSE,FALSE,FALSE,FALSE,FALSE,FALSE
Czechia,U.S. Department of State,FALSE,0,FALSE,FALSE,FALSE,FALSE,FALSE,FALSE
Czechia,USAID,FALSE,0,FALSE,FALSE,FALSE,FALSE,FALSE,FALSE
Denmark,Millenium Challenge Corporation,FALSE,0,FALSE,FALSE,FALSE,FALSE,FALSE,FALSE
Denmark,The Peace Corps,FALSE,0,FALSE,FALSE,FALSE,FALSE,FALSE,FALSE
Denmark,U.S. Department of Agriculture,FALSE,0,FALSE,FALSE,FALSE,FALSE,FALSE,FALSE
Denmark,U.S. Department of Labor,FALSE,0,FALSE,FALSE,FALSE,FALSE,FALSE,FALSE
Denmark,U.S. Department of State,FALSE,0,FALSE,FALSE,FALSE,FALSE,FALSE,FALSE
Denmark,USAID,FALSE,0,FALSE,FALSE,FALSE,FALSE,FALSE,FALSE
Djibouti,Millenium Challenge Corporation,FALSE,1,FALSE,FALSE,FALSE,FALSE,FALSE,FALSE
Djibouti,The Peace Corps,FALSE,1,FALSE,FALSE,FALSE,FALSE,FALSE,FALSE
Djibouti,U.S. Department of Agriculture,FALSE,1,FALSE,FALSE,FALSE,FALSE,FALSE,FALSE
Djibouti,U.S. Department of Labor,FALSE,1,FALSE,FALSE,FALSE,FALSE,FALSE,FALSE
Djibouti,U.S. Department of State,FALSE,1,FALSE,FALSE,FALSE,FALSE,FALSE,FALSE
Djibouti,USAID,TRUE,1,TRUE,TRUE,FALSE,TRUE,TRUE,FALSE
Dominica,Millenium Challenge Corporation,FALSE,1,FALSE,FALSE,FALSE,FALSE,FALSE,FALSE
Dominica,The Peace Corps,TRUE,1,FALSE,TRUE,FALSE,FALSE,TRUE,FALSE
Dominica,U.S. Department of Agriculture,FALSE,1,FALSE,FALSE,FALSE,FALSE,FALSE,FALSE
Dominica,U.S. Department of Labor,FALSE,1,FALSE,FALSE,FALSE,FALSE,FALSE,FALSE
Dominica,U.S. Department of State,FALSE,1,FALSE,FALSE,FALSE,FALSE,FALSE,FALSE
Dominica,USAID,FALSE,1,FALSE,FALSE,FALSE,FALSE,FALSE,FALSE
Dominican Republic,Millenium Challenge Corporation,FALSE,3,FALSE,FALSE,FALSE,FALSE,FALSE,FALSE
Dominican Republic,The Peace Corps,TRUE,3,FALSE,TRUE,FALSE,TRUE,TRUE,FALSE
Dominican Republic,U.S. Department of Agriculture,FALSE,3,FALSE,FALSE,FALSE,FALSE,FALSE,FALSE
Dominican Republic,U.S. Department of Labor,FALSE,3,FALSE,FALSE,FALSE,FALSE,FALSE,FALSE
Dominican Republic,U.S. Department of State,TRUE,3,TRUE,TRUE,TRUE,FALSE,FALSE,FALSE
Dominican Republic,USAID,TRUE,3,FALSE,FALSE,TRUE,FALSE,TRUE,FALSE
Ecuador,Millenium Challenge Corporation,FALSE,2,FALSE,FALSE,FALSE,FALSE,FALSE,FALSE
Ecuador,The Peace Corps,TRUE,2,FALSE,FALSE,TRUE,TRUE,TRUE,FALSE
Ecuador,U.S. Department of Agriculture,FALSE,2,FALSE,FALSE,FALSE,FALSE,FALSE,FALSE
Ecuador,U.S. Department of Labor,FALSE,2,FALSE,FALSE,FALSE,FALSE,FALSE,FALSE
Ecuador,U.S. Department of State,TRUE,2,FALSE,FALSE,FALSE,FALSE,FALSE,TRUE
Ecuador,USAID,FALSE,2,FALSE,FALSE,FALSE,FALSE,FALSE,FALSE
Egypt,Millenium Challenge Corporation,FALSE,2,FALSE,FALSE,FALSE,FALSE,FALSE,FALSE
Egypt,The Peace Corps,FALSE,2,FALSE,FALSE,FALSE,FALSE,FALSE,FALSE
Egypt,U.S. Department of Agriculture,FALSE,2,FALSE,FALSE,FALSE,FALSE,FALSE,FALSE
Egypt,U.S. Department of Labor,FALSE,2,FALSE,FALSE,FALSE,FALSE,FALSE,FALSE
Egypt,U.S. Department of State,TRUE,2,FALSE,FALSE,TRUE,TRUE,FALSE,FALSE
Egypt,USAID,TRUE,2,FALSE,TRUE,TRUE,TRUE,TRUE,FALSE
El Salvador,Millenium Challenge Corporation,FALSE,1,FALSE,FALSE,FALSE,FALSE,FALSE,FALSE
El Salvador,The Peace Corps,FALSE,1,FALSE,FALSE,FALSE,FALSE,FALSE,FALSE
El Salvador,U.S. Department of Agriculture,FALSE,1,FALSE,FALSE,FALSE,FALSE,FALSE,FALSE
El Salvador,U.S. Department of Labor,FALSE,1,FALSE,FALSE,FALSE,FALSE,FALSE,FALSE
El Salvador,U.S. Department of State,FALSE,1,FALSE,FALSE,FALSE,FALSE,FALSE,FALSE
El Salvador,USAID,TRUE,1,FALSE,TRUE,TRUE,TRUE,TRUE,FALSE
Equatorial Guinea,Millenium Challenge Corporation,FALSE,0,FALSE,FALSE,FALSE,FALSE,FALSE,FALSE
Equatorial Guinea,The Peace Corps,FALSE,0,FALSE,FALSE,FALSE,FALSE,FALSE,FALSE
Equatorial Guinea,U.S. Department of Agriculture,FALSE,0,FALSE,FALSE,FALSE,FALSE,FALSE,FALSE
Equatorial Guinea,U.S. Department of Labor,FALSE,0,FALSE,FALSE,FALSE,FALSE,FALSE,FALSE
Equatorial Guinea,U.S. Department of State,FALSE,0,FALSE,FALSE,FALSE,FALSE,FALSE,FALSE
Equatorial Guinea,USAID,FALSE,0,FALSE,FALSE,FALSE,FALSE,FALSE,FALSE
Eritrea,Millenium Challenge Corporation,FALSE,0,FALSE,FALSE,FALSE,FALSE,FALSE,FALSE
Eritrea,The Peace Corps,FALSE,0,FALSE,FALSE,FALSE,FALSE,FALSE,FALSE
Eritrea,U.S. Department of Agriculture,FALSE,0,FALSE,FALSE,FALSE,FALSE,FALSE,FALSE
Eritrea,U.S. Department of Labor,FALSE,0,FALSE,FALSE,FALSE,FALSE,FALSE,FALSE
Eritrea,U.S. Department of State,FALSE,0,FALSE,FALSE,FALSE,FALSE,FALSE,FALSE
Eritrea,USAID,FALSE,0,FALSE,FALSE,FALSE,FALSE,FALSE,FALSE
Estonia,Millenium Challenge Corporation,FALSE,0,FALSE,FALSE,FALSE,FALSE,FALSE,FALSE
Estonia,The Peace Corps,FALSE,0,FALSE,FALSE,FALSE,FALSE,FALSE,FALSE
Estonia,U.S. Department of Agriculture,FALSE,0,FALSE,FALSE,FALSE,FALSE,FALSE,FALSE
Estonia,U.S. Department of Labor,FALSE,0,FALSE,FALSE,FALSE,FALSE,FALSE,FALSE
Estonia,U.S. Department of State,FALSE,0,FALSE,FALSE,FALSE,FALSE,FALSE,FALSE
Estonia,USAID,FALSE,0,FALSE,FALSE,FALSE,FALSE,FALSE,FALSE
Eswatini,Millenium Challenge Corporation,FALSE,1,FALSE,FALSE,FALSE,FALSE,FALSE,FALSE
Eswatini,The Peace Corps,FALSE,1,FALSE,FALSE,FALSE,FALSE,FALSE,FALSE
Eswatini,U.S. Department of Agriculture,FALSE,1,FALSE,FALSE,FALSE,FALSE,FALSE,FALSE
Eswatini,U.S. Department of Labor,FALSE,1,FALSE,FALSE,FALSE,FALSE,FALSE,FALSE
Eswatini,U.S. Department of State,TRUE,1,TRUE,TRUE,TRUE,TRUE,TRUE,FALSE
Eswatini,USAID,FALSE,1,FALSE,FALSE,FALSE,FALSE,FALSE,FALSE
Ethiopia,Millenium Challenge Corporation,FALSE,4,FALSE,FALSE,FALSE,FALSE,FALSE,FALSE
Ethiopia,The Peace Corps,FALSE,4,FALSE,FALSE,FALSE,FALSE,FALSE,FALSE
Ethiopia,U.S. Department of Agriculture,TRUE,4,TRUE,TRUE,FALSE,FALSE,FALSE,FALSE
Ethiopia,U.S. Department of Labor,TRUE,4,FALSE,TRUE,TRUE,TRUE,FALSE,FALSE
Ethiopia,U.S. Department of State,TRUE,4,TRUE,TRUE,TRUE,FALSE,FALSE,FALSE
Ethiopia,USAID,TRUE,4,TRUE,TRUE,FALSE,TRUE,TRUE,FALSE
Fiji,Millenium Challenge Corporation,FALSE,0,FALSE,FALSE,FALSE,FALSE,FALSE,FALSE
Fiji,The Peace Corps,FALSE,0,FALSE,FALSE,FALSE,FALSE,FALSE,FALSE
Fiji,U.S. Department of Agriculture,FALSE,0,FALSE,FALSE,FALSE,FALSE,FALSE,FALSE
Fiji,U.S. Department of Labor,FALSE,0,FALSE,FALSE,FALSE,FALSE,FALSE,FALSE
Fiji,U.S. Department of State,FALSE,0,FALSE,FALSE,FALSE,FALSE,FALSE,FALSE
Fiji,USAID,FALSE,0,FALSE,FALSE,FALSE,FALSE,FALSE,FALSE
Finland,Millenium Challenge Corporation,FALSE,0,FALSE,FALSE,FALSE,FALSE,FALSE,FALSE
Finland,The Peace Corps,FALSE,0,FALSE,FALSE,FALSE,FALSE,FALSE,FALSE
Finland,U.S. Department of Agriculture,FALSE,0,FALSE,FALSE,FALSE,FALSE,FALSE,FALSE
Finland,U.S. Department of Labor,FALSE,0,FALSE,FALSE,FALSE,FALSE,FALSE,FALSE
Finland,U.S. Department of State,FALSE,0,FALSE,FALSE,FALSE,FALSE,FALSE,FALSE
Finland,USAID,FALSE,0,FALSE,FALSE,FALSE,FALSE,FALSE,FALSE
France,Millenium Challenge Corporation,FALSE,0,FALSE,FALSE,FALSE,FALSE,FALSE,FALSE
France,The Peace Corps,FALSE,0,FALSE,FALSE,FALSE,FALSE,FALSE,FALSE
France,U.S. Department of Agriculture,FALSE,0,FALSE,FALSE,FALSE,FALSE,FALSE,FALSE
France,U.S. Department of Labor,FALSE,0,FALSE,FALSE,FALSE,FALSE,FALSE,FALSE
France,U.S. Department of State,FALSE,0,FALSE,FALSE,FALSE,FALSE,FALSE,FALSE
France,USAID,FALSE,0,FALSE,FALSE,FALSE,FALSE,FALSE,FALSE
Gabon,Millenium Challenge Corporation,FALSE,0,FALSE,FALSE,FALSE,FALSE,FALSE,FALSE
Gabon,The Peace Corps,FALSE,0,FALSE,FALSE,FALSE,FALSE,FALSE,FALSE
Gabon,U.S. Department of Agriculture,FALSE,0,FALSE,FALSE,FALSE,FALSE,FALSE,FALSE
Gabon,U.S. Department of Labor,FALSE,0,FALSE,FALSE,FALSE,FALSE,FALSE,FALSE
Gabon,U.S. Department of State,FALSE,0,FALSE,FALSE,FALSE,FALSE,FALSE,FALSE
Gabon,USAID,FALSE,0,FALSE,FALSE,FALSE,FALSE,FALSE,FALSE
"Gambia, The",Millenium Challenge Corporation,TRUE,3,FALSE,TRUE,TRUE,TRUE,FALSE,FALSE
"Gambia, The",The Peace Corps,TRUE,3,FALSE,TRUE,FALSE,FALSE,TRUE,FALSE
"Gambia, The",U.S. Department of Agriculture,TRUE,3,TRUE,TRUE,FALSE,FALSE,FALSE,FALSE
"Gambia, The",U.S. Department of Labor,FALSE,3,FALSE,FALSE,FALSE,FALSE,FALSE,FALSE
"Gambia, The",U.S. Department of State,FALSE,3,FALSE,FALSE,FALSE,FALSE,FALSE,FALSE
"Gambia, The",USAID,FALSE,3,FALSE,FALSE,FALSE,FALSE,FALSE,FALSE
Georgia,Millenium Challenge Corporation,FALSE,3,FALSE,FALSE,FALSE,FALSE,FALSE,FALSE
Georgia,The Peace Corps,TRUE,3,FALSE,FALSE,TRUE,FALSE,TRUE,FALSE
Georgia,U.S. Department of Agriculture,FALSE,3,FALSE,FALSE,FALSE,FALSE,FALSE,FALSE
Georgia,U.S. Department of Labor,FALSE,3,FALSE,FALSE,FALSE,FALSE,FALSE,FALSE
Georgia,U.S. Department of State,TRUE,3,FALSE,FALSE,TRUE,FALSE,FALSE,FALSE
Georgia,USAID,TRUE,3,FALSE,TRUE,TRUE,FALSE,FALSE,FALSE
Germany,Millenium Challenge Corporation,FALSE,0,FALSE,FALSE,FALSE,FALSE,FALSE,FALSE
Germany,The Peace Corps,FALSE,0,FALSE,FALSE,FALSE,FALSE,FALSE,FALSE
Germany,U.S. Department of Agriculture,FALSE,0,FALSE,FALSE,FALSE,FALSE,FALSE,FALSE
Germany,U.S. Department of Labor,FALSE,0,FALSE,FALSE,FALSE,FALSE,FALSE,FALSE
Germany,U.S. Department of State,FALSE,0,FALSE,FALSE,FALSE,FALSE,FALSE,FALSE
Germany,USAID,FALSE,0,FALSE,FALSE,FALSE,FALSE,FALSE,FALSE
Ghana,Millenium Challenge Corporation,FALSE,2,FALSE,FALSE,FALSE,FALSE,FALSE,FALSE
Ghana,The Peace Corps,TRUE,2,FALSE,FALSE,TRUE,FALSE,TRUE,FALSE
Ghana,U.S. Department of Agriculture,FALSE,2,FALSE,FALSE,FALSE,FALSE,FALSE,FALSE
Ghana,U.S. Department of Labor,FALSE,2,FALSE,FALSE,FALSE,FALSE,FALSE,FALSE
Ghana,U.S. Department of State,FALSE,2,FALSE,FALSE,FALSE,FALSE,FALSE,FALSE
Ghana,USAID,TRUE,2,FALSE,TRUE,FALSE,FALSE,TRUE,FALSE
Greece,Millenium Challenge Corporation,FALSE,0,FALSE,FALSE,FALSE,FALSE,FALSE,FALSE
Greece,The Peace Corps,FALSE,0,FALSE,FALSE,FALSE,FALSE,FALSE,FALSE
Greece,U.S. Department of Agriculture,FALSE,0,FALSE,FALSE,FALSE,FALSE,FALSE,FALSE
Greece,U.S. Department of Labor,FALSE,0,FALSE,FALSE,FALSE,FALSE,FALSE,FALSE
Greece,U.S. Department of State,FALSE,0,FALSE,FALSE,FALSE,FALSE,FALSE,FALSE
Greece,USAID,FALSE,0,FALSE,FALSE,FALSE,FALSE,FALSE,FALSE
Grenada,Millenium Challenge Corporation,FALSE,1,FALSE,FALSE,FALSE,FALSE,FALSE,FALSE
Grenada,The Peace Corps,TRUE,1,FALSE,TRUE,FALSE,FALSE,TRUE,FALSE
Grenada,U.S. Department of Agriculture,FALSE,1,FALSE,FALSE,FALSE,FALSE,FALSE,FALSE
Grenada,U.S. Department of Labor,FALSE,1,FALSE,FALSE,FALSE,FALSE,FALSE,FALSE
Grenada,U.S. Department of State,FALSE,1,FALSE,FALSE,FALSE,FALSE,FALSE,FALSE
Grenada,USAID,FALSE,1,FALSE,FALSE,FALSE,FALSE,FALSE,FALSE
Guatemala,Millenium Challenge Corporation,FALSE,3,FALSE,FALSE,FALSE,FALSE,FALSE,FALSE
Guatemala,The Peace Corps,FALSE,3,FALSE,FALSE,FALSE,FALSE,FALSE,FALSE
Guatemala,U.S. Department of Agriculture,TRUE,3,TRUE,TRUE,FALSE,FALSE,FALSE,FALSE
Guatemala,U.S. Department of Labor,FALSE,3,FALSE,FALSE,FALSE,FALSE,FALSE,FALSE
Guatemala,U.S. Department of State,TRUE,3,FALSE,FALSE,TRUE,FALSE,FALSE,FALSE
Guatemala,USAID,TRUE,3,TRUE,TRUE,TRUE,TRUE,TRUE,FALSE
Guinea,Millenium Challenge Corporation,FALSE,2,FALSE,FALSE,FALSE,FALSE,FALSE,FALSE
Guinea,The Peace Corps,TRUE,2,FALSE,FALSE,TRUE,TRUE,FALSE,FALSE
Guinea,U.S. Department of Agriculture,FALSE,2,FALSE,FALSE,FALSE,FALSE,FALSE,FALSE
Guinea,U.S. Department of Labor,FALSE,2,FALSE,FALSE,FALSE,FALSE,FALSE,FALSE
Guinea,U.S. Department of State,FALSE,2,FALSE,FALSE,FALSE,FALSE,FALSE,FALSE
Guinea,USAID,TRUE,2,FALSE,TRUE,FALSE,FALSE,FALSE,FALSE
Guinea-Bissau,Millenium Challenge Corporation,FALSE,1,FALSE,FALSE,FALSE,FALSE,FALSE,FALSE
Guinea-Bissau,The Peace Corps,FALSE,1,FALSE,FALSE,FALSE,FALSE,FALSE,FALSE
Guinea-Bissau,U.S. Department of Agriculture,TRUE,1,TRUE,TRUE,FALSE,FALSE,FALSE,FALSE
Guinea-Bissau,U.S. Department of Labor,FALSE,1,FALSE,FALSE,FALSE,FALSE,FALSE,FALSE
Guinea-Bissau,U.S. Department of State,FALSE,1,FALSE,FALSE,FALSE,FALSE,FALSE,FALSE
Guinea-Bissau,USAID,FALSE,1,FALSE,FALSE,FALSE,FALSE,FALSE,FALSE
Guyana,Millenium Challenge Corporation,FALSE,1,FALSE,FALSE,FALSE,FALSE,FALSE,FALSE
Guyana,The Peace Corps,TRUE,1,FALSE,TRUE,FALSE,FALSE,TRUE,FALSE
Guyana,U.S. Department of Agriculture,FALSE,1,FALSE,FALSE,FALSE,FALSE,FALSE,FALSE
Guyana,U.S. Department of Labor,FALSE,1,FALSE,FALSE,FALSE,FALSE,FALSE,FALSE
Guyana,U.S. Department of State,FALSE,1,FALSE,FALSE,FALSE,FALSE,FALSE,FALSE
Guyana,USAID,FALSE,1,FALSE,FALSE,FALSE,FALSE,FALSE,FALSE
Haiti,Millenium Challenge Corporation,FALSE,3,FALSE,FALSE,FALSE,FALSE,FALSE,FALSE
Haiti,The Peace Corps,FALSE,3,FALSE,FALSE,FALSE,FALSE,FALSE,FALSE
Haiti,U.S. Department of Agriculture,TRUE,3,TRUE,TRUE,FALSE,FALSE,FALSE,FALSE
Haiti,U.S. Department of Labor,FALSE,3,FALSE,FALSE,FALSE,FALSE,FALSE,FALSE
Haiti,U.S. Department of State,TRUE,3,TRUE,TRUE,TRUE,TRUE,FALSE,FALSE
Haiti,USAID,TRUE,3,TRUE,TRUE,FALSE,TRUE,TRUE,FALSE
Holy See,Millenium Challenge Corporation,FALSE,0,FALSE,FALSE,FALSE,FALSE,FALSE,FALSE
Holy See,The Peace Corps,FALSE,0,FALSE,FALSE,FALSE,FALSE,FALSE,FALSE
Holy See,U.S. Department of Agriculture,FALSE,0,FALSE,FALSE,FALSE,FALSE,FALSE,FALSE
Holy See,U.S. Department of Labor,FALSE,0,FALSE,FALSE,FALSE,FALSE,FALSE,FALSE
Holy See,U.S. Department of State,FALSE,0,FALSE,FALSE,FALSE,FALSE,FALSE,FALSE
Holy See,USAID,FALSE,0,FALSE,FALSE,FALSE,FALSE,FALSE,FALSE
Honduras,Millenium Challenge Corporation,FALSE,2,FALSE,FALSE,FALSE,FALSE,FALSE,FALSE
Honduras,The Peace Corps,FALSE,2,FALSE,FALSE,FALSE,FALSE,FALSE,FALSE
Honduras,U.S. Department of Agriculture,TRUE,2,TRUE,TRUE,TRUE,FALSE,FALSE,FALSE
Honduras,U.S. Department of Labor,FALSE,2,FALSE,FALSE,FALSE,FALSE,FALSE,FALSE
Honduras,U.S. Department of State,FALSE,2,FALSE,FALSE,FALSE,FALSE,FALSE,FALSE
Honduras,USAID,TRUE,2,FALSE,TRUE,TRUE,TRUE,FALSE,FALSE
Hungary,Millenium Challenge Corporation,FALSE,0,FALSE,FALSE,FALSE,FALSE,FALSE,FALSE
Hungary,The Peace Corps,FALSE,0,FALSE,FALSE,FALSE,FALSE,FALSE,FALSE
Hungary,U.S. Department of Agriculture,FALSE,0,FALSE,FALSE,FALSE,FALSE,FALSE,FALSE
Hungary,U.S. Department of Labor,FALSE,0,FALSE,FALSE,FALSE,FALSE,FALSE,FALSE
Hungary,U.S. Department of State,FALSE,0,FALSE,FALSE,FALSE,FALSE,FALSE,FALSE
Hungary,USAID,FALSE,0,FALSE,FALSE,FALSE,FALSE,FALSE,FALSE
Iceland,Millenium Challenge Corporation,FALSE,0,FALSE,FALSE,FALSE,FALSE,FALSE,FALSE
Iceland,The Peace Corps,FALSE,0,FALSE,FALSE,FALSE,FALSE,FALSE,FALSE
Iceland,U.S. Department of Agriculture,FALSE,0,FALSE,FALSE,FALSE,FALSE,FALSE,FALSE
Iceland,U.S. Department of Labor,FALSE,0,FALSE,FALSE,FALSE,FALSE,FALSE,FALSE
Iceland,U.S. Department of State,FALSE,0,FALSE,FALSE,FALSE,FALSE,FALSE,FALSE
Iceland,USAID,FALSE,0,FALSE,FALSE,FALSE,FALSE,FALSE,FALSE
India,Millenium Challenge Corporation,FALSE,2,FALSE,FALSE,FALSE,FALSE,FALSE,FALSE
India,The Peace Corps,FALSE,2,FALSE,FALSE,FALSE,FALSE,FALSE,FALSE
India,U.S. Department of Agriculture,FALSE,2,FALSE,FALSE,FALSE,FALSE,FALSE,FALSE
India,U.S. Department of Labor,FALSE,2,FALSE,FALSE,FALSE,FALSE,FALSE,FALSE
India,U.S. Department of State,TRUE,2,TRUE,TRUE,TRUE,FALSE,FALSE,FALSE
India,USAID,TRUE,2,TRUE,TRUE,FALSE,TRUE,TRUE,FALSE
Indonesia,Millenium Challenge Corporation,FALSE,3,FALSE,FALSE,FALSE,FALSE,FALSE,FALSE
Indonesia,The Peace Corps,TRUE,3,FALSE,FALSE,TRUE,TRUE,TRUE,FALSE
Indonesia,U.S. Department of Agriculture,FALSE,3,FALSE,FALSE,FALSE,FALSE,FALSE,FALSE
Indonesia,U.S. Department of Labor,FALSE,3,FALSE,FALSE,FALSE,FALSE,FALSE,FALSE
Indonesia,U.S. Department of State,TRUE,3,FALSE,FALSE,FALSE,FALSE,FALSE,TRUE
Indonesia,USAID,TRUE,3,FALSE,FALSE,FALSE,FALSE,TRUE,FALSE
Iran,Millenium Challenge Corporation,FALSE,0,FALSE,FALSE,FALSE,FALSE,FALSE,FALSE
Iran,The Peace Corps,FALSE,0,FALSE,FALSE,FALSE,FALSE,FALSE,FALSE
Iran,U.S. Department of Agriculture,FALSE,0,FALSE,FALSE,FALSE,FALSE,FALSE,FALSE
Iran,U.S. Department of Labor,FALSE,0,FALSE,FALSE,FALSE,FALSE,FALSE,FALSE
Iran,U.S. Department of State,FALSE,0,FALSE,FALSE,FALSE,FALSE,FALSE,FALSE
Iran,USAID,FALSE,0,FALSE,FALSE,FALSE,FALSE,FALSE,FALSE
Iraq,Millenium Challenge Corporation,FALSE,2,FALSE,FALSE,FALSE,FALSE,FALSE,FALSE
Iraq,The Peace Corps,FALSE,2,FALSE,FALSE,FALSE,FALSE,FALSE,FALSE
Iraq,U.S. Department of Agriculture,FALSE,2,FALSE,FALSE,FALSE,FALSE,FALSE,FALSE
Iraq,U.S. Department of Labor,FALSE,2,FALSE,FALSE,FALSE,FALSE,FALSE,FALSE
Iraq,U.S. Department of State,TRUE,2,FALSE,FALSE,FALSE,FALSE,FALSE,TRUE
Iraq,USAID,TRUE,2,TRUE,TRUE,TRUE,TRUE,TRUE,FALSE
Ireland,Millenium Challenge Corporation,FALSE,0,FALSE,FALSE,FALSE,FALSE,FALSE,FALSE
Ireland,The Peace Corps,FALSE,0,FALSE,FALSE,FALSE,FALSE,FALSE,FALSE
Ireland,U.S. Department of Agriculture,FALSE,0,FALSE,FALSE,FALSE,FALSE,FALSE,FALSE
Ireland,U.S. Department of Labor,FALSE,0,FALSE,FALSE,FALSE,FALSE,FALSE,FALSE
Ireland,U.S. Department of State,FALSE,0,FALSE,FALSE,FALSE,FALSE,FALSE,FALSE
Ireland,USAID,FALSE,0,FALSE,FALSE,FALSE,FALSE,FALSE,FALSE
Israel,Millenium Challenge Corporation,FALSE,0,FALSE,FALSE,FALSE,FALSE,FALSE,FALSE
Israel,The Peace Corps,FALSE,0,FALSE,FALSE,FALSE,FALSE,FALSE,FALSE
Israel,U.S. Department of Agriculture,FALSE,0,FALSE,FALSE,FALSE,FALSE,FALSE,FALSE
Israel,U.S. Department of Labor,FALSE,0,FALSE,FALSE,FALSE,FALSE,FALSE,FALSE
Israel,U.S. Department of State,FALSE,0,FALSE,FALSE,FALSE,FALSE,FALSE,FALSE
Israel,USAID,FALSE,0,FALSE,FALSE,FALSE,FALSE,FALSE,FALSE
Italy,Millenium Challenge Corporation,FALSE,0,FALSE,FALSE,FALSE,FALSE,FALSE,FALSE
Italy,The Peace Corps,FALSE,0,FALSE,FALSE,FALSE,FALSE,FALSE,FALSE
Italy,U.S. Department of Agriculture,FALSE,0,FALSE,FALSE,FALSE,FALSE,FALSE,FALSE
Italy,U.S. Department of Labor,FALSE,0,FALSE,FALSE,FALSE,FALSE,FALSE,FALSE
Italy,U.S. Department of State,FALSE,0,FALSE,FALSE,FALSE,FALSE,FALSE,FALSE
Italy,USAID,FALSE,0,FALSE,FALSE,FALSE,FALSE,FALSE,FALSE
Jamaica,Millenium Challenge Corporation,FALSE,1,FALSE,FALSE,FALSE,FALSE,FALSE,FALSE
Jamaica,The Peace Corps,TRUE,1,FALSE,TRUE,FALSE,FALSE,TRUE,FALSE
Jamaica,U.S. Department of Agriculture,FALSE,1,FALSE,FALSE,FALSE,FALSE,FALSE,FALSE
Jamaica,U.S. Department of Labor,FALSE,1,FALSE,FALSE,FALSE,FALSE,FALSE,FALSE
Jamaica,U.S. Department of State,FALSE,1,FALSE,FALSE,FALSE,FALSE,FALSE,FALSE
Jamaica,USAID,FALSE,1,FALSE,FALSE,FALSE,FALSE,FALSE,FALSE
Japan,Millenium Challenge Corporation,FALSE,0,FALSE,FALSE,FALSE,FALSE,FALSE,FALSE
Japan,The Peace Corps,FALSE,0,FALSE,FALSE,FALSE,FALSE,FALSE,FALSE
Japan,U.S. Department of Agriculture,FALSE,0,FALSE,FALSE,FALSE,FALSE,FALSE,FALSE
Japan,U.S. Department of Labor,FALSE,0,FALSE,FALSE,FALSE,FALSE,FALSE,FALSE
Japan,U.S. Department of State,FALSE,0,FALSE,FALSE,FALSE,FALSE,FALSE,FALSE
Japan,USAID,FALSE,0,FALSE,FALSE,FALSE,FALSE,FALSE,FALSE
Jordan,Millenium Challenge Corporation,FALSE,2,FALSE,FALSE,FALSE,FALSE,FALSE,FALSE
Jordan,The Peace Corps,FALSE,2,FALSE,FALSE,FALSE,FALSE,FALSE,FALSE
Jordan,U.S. Department of Agriculture,FALSE,2,FALSE,FALSE,FALSE,FALSE,FALSE,FALSE
Jordan,U.S. Department of Labor,FALSE,2,FALSE,FALSE,FALSE,FALSE,FALSE,FALSE
Jordan,U.S. Department of State,TRUE,2,FALSE,FALSE,FALSE,FALSE,FALSE,TRUE
Jordan,USAID,TRUE,2,TRUE,TRUE,TRUE,FALSE,TRUE,FALSE
Kazakhstan,Millenium Challenge Corporation,FALSE,1,FALSE,FALSE,FALSE,FALSE,FALSE,FALSE
Kazakhstan,The Peace Corps,FALSE,1,FALSE,FALSE,FALSE,FALSE,FALSE,FALSE
Kazakhstan,U.S. Department of Agriculture,FALSE,1,FALSE,FALSE,FALSE,FALSE,FALSE,FALSE
Kazakhstan,U.S. Department of Labor,FALSE,1,FALSE,FALSE,FALSE,FALSE,FALSE,FALSE
Kazakhstan,U.S. Department of State,FALSE,1,FALSE,FALSE,FALSE,FALSE,FALSE,FALSE
Kazakhstan,USAID,TRUE,1,TRUE,FALSE,FALSE,FALSE,TRUE,FALSE
Kenya,Millenium Challenge Corporation,FALSE,3,FALSE,FALSE,FALSE,FALSE,FALSE,FALSE
Kenya,The Peace Corps,TRUE,3,FALSE,TRUE,TRUE,FALSE,TRUE,FALSE
Kenya,U.S. Department of Agriculture,FALSE,3,FALSE,FALSE,FALSE,FALSE,FALSE,FALSE
Kenya,U.S. Department of Labor,FALSE,3,FALSE,FALSE,FALSE,FALSE,FALSE,FALSE
Kenya,U.S. Department of State,TRUE,3,TRUE,TRUE,TRUE,TRUE,FALSE,FALSE
Kenya,USAID,TRUE,3,FALSE,TRUE,TRUE,TRUE,TRUE,FALSE
Kiribati,Millenium Challenge Corporation,FALSE,0,FALSE,FALSE,FALSE,FALSE,FALSE,FALSE
Kiribati,The Peace Corps,FALSE,0,FALSE,FALSE,FALSE,FALSE,FALSE,FALSE
Kiribati,U.S. Department of Agriculture,FALSE,0,FALSE,FALSE,FALSE,FALSE,FALSE,FALSE
Kiribati,U.S. Department of Labor,FALSE,0,FALSE,FALSE,FALSE,FALSE,FALSE,FALSE
Kiribati,U.S. Department of State,FALSE,0,FALSE,FALSE,FALSE,FALSE,FALSE,FALSE
Kiribati,USAID,FALSE,0,FALSE,FALSE,FALSE,FALSE,FALSE,FALSE
"Korea, North",Millenium Challenge Corporation,FALSE,0,FALSE,FALSE,FALSE,FALSE,FALSE,FALSE
"Korea, North",The Peace Corps,FALSE,0,FALSE,FALSE,FALSE,FALSE,FALSE,FALSE
"Korea, North",U.S. Department of Agriculture,FALSE,0,FALSE,FALSE,FALSE,FALSE,FALSE,FALSE
"Korea, North",U.S. Department of Labor,FALSE,0,FALSE,FALSE,FALSE,FALSE,FALSE,FALSE
"Korea, North",U.S. Department of State,FALSE,0,FALSE,FALSE,FALSE,FALSE,FALSE,FALSE
"Korea, North",USAID,FALSE,0,FALSE,FALSE,FALSE,FALSE,FALSE,FALSE
"Korea, South",Millenium Challenge Corporation,FALSE,0,FALSE,FALSE,FALSE,FALSE,FALSE,FALSE
"Korea, South",The Peace Corps,FALSE,0,FALSE,FALSE,FALSE,FALSE,FALSE,FALSE
"Korea, South",U.S. Department of Agriculture,FALSE,0,FALSE,FALSE,FALSE,FALSE,FALSE,FALSE
"Korea, South",U.S. Department of Labor,FALSE,0,FALSE,FALSE,FALSE,FALSE,FALSE,FALSE
"Korea, South",U.S. Department of State,FALSE,0,FALSE,FALSE,FALSE,FALSE,FALSE,FALSE
"Korea, South",USAID,FALSE,0,FALSE,FALSE,FALSE,FALSE,FALSE,FALSE
Kosovo,Millenium Challenge Corporation,TRUE,3,FALSE,FALSE,FALSE,TRUE,FALSE,FALSE
Kosovo,The Peace Corps,TRUE,3,FALSE,FALSE,TRUE,FALSE,TRUE,FALSE
Kosovo,U.S. Department of Agriculture,FALSE,3,FALSE,FALSE,FALSE,FALSE,FALSE,FALSE
Kosovo,U.S. Department of Labor,FALSE,3,FALSE,FALSE,FALSE,FALSE,FALSE,FALSE
Kosovo,U.S. Department of State,TRUE,3,FALSE,FALSE,FALSE,TRUE,FALSE,FALSE
Kosovo,USAID,FALSE,3,FALSE,FALSE,FALSE,FALSE,FALSE,FALSE
Kuwait,Millenium Challenge Corporation,FALSE,0,FALSE,FALSE,FALSE,FALSE,FALSE,FALSE
Kuwait,The Peace Corps,FALSE,0,FALSE,FALSE,FALSE,FALSE,FALSE,FALSE
Kuwait,U.S. Department of Agriculture,FALSE,0,FALSE,FALSE,FALSE,FALSE,FALSE,FALSE
Kuwait,U.S. Department of Labor,FALSE,0,FALSE,FALSE,FALSE,FALSE,FALSE,FALSE
Kuwait,U.S. Department of State,FALSE,0,FALSE,FALSE,FALSE,FALSE,FALSE,FALSE
Kuwait,USAID,FALSE,0,FALSE,FALSE,FALSE,FALSE,FALSE,FALSE
Kyrgyzstan,Millenium Challenge Corporation,FALSE,3,FALSE,FALSE,FALSE,FALSE,FALSE,FALSE
Kyrgyzstan,The Peace Corps,TRUE,3,FALSE,FALSE,TRUE,TRUE,TRUE,FALSE
Kyrgyzstan,U.S. Department of Agriculture,TRUE,3,FALSE,TRUE,FALSE,FALSE,FALSE,FALSE
Kyrgyzstan,U.S. Department of Labor,FALSE,3,FALSE,FALSE,FALSE,FALSE,FALSE,FALSE
Kyrgyzstan,U.S. Department of State,FALSE,3,FALSE,FALSE,FALSE,FALSE,FALSE,FALSE
Kyrgyzstan,USAID,TRUE,3,TRUE,TRUE,FALSE,TRUE,TRUE,FALSE
Laos,Millenium Challenge Corporation,FALSE,2,FALSE,FALSE,FALSE,FALSE,FALSE,FALSE
Laos,The Peace Corps,FALSE,2,FALSE,FALSE,FALSE,FALSE,FALSE,FALSE
Laos,U.S. Department of Agriculture,TRUE,2,TRUE,TRUE,FALSE,FALSE,FALSE,FALSE
Laos,U.S. Department of Labor,FALSE,2,FALSE,FALSE,FALSE,FALSE,FALSE,FALSE
Laos,U.S. Department of State,FALSE,2,FALSE,FALSE,FALSE,FALSE,FALSE,FALSE
Laos,USAID,TRUE,2,TRUE,TRUE,FALSE,FALSE,TRUE,FALSE
Latin America and the Caribbean Regional,Millenium Challenge Corporation,FALSE,2,FALSE,FALSE,FALSE,FALSE,FALSE,FALSE
Latin America and the Caribbean Regional,The Peace Corps,FALSE,2,FALSE,FALSE,FALSE,FALSE,FALSE,FALSE
Latin America and the Caribbean Regional,U.S. Department of Agriculture,FALSE,2,FALSE,FALSE,FALSE,FALSE,FALSE,FALSE
Latin America and the Caribbean Regional,U.S. Department of Labor,FALSE,2,FALSE,FALSE,FALSE,FALSE,FALSE,FALSE
Latin America and the Caribbean Regional,U.S. Department of State,TRUE,2,FALSE,FALSE,FALSE,FALSE,FALSE,TRUE
Latin America and the Caribbean Regional,USAID,TRUE,2,FALSE,FALSE,FALSE,FALSE,FALSE,TRUE
Latvia,Millenium Challenge Corporation,FALSE,0,FALSE,FALSE,FALSE,FALSE,FALSE,FALSE
Latvia,The Peace Corps,FALSE,0,FALSE,FALSE,FALSE,FALSE,FALSE,FALSE
Latvia,U.S. Department of Agriculture,FALSE,0,FALSE,FALSE,FALSE,FALSE,FALSE,FALSE
Latvia,U.S. Department of Labor,FALSE,0,FALSE,FALSE,FALSE,FALSE,FALSE,FALSE
Latvia,U.S. Department of State,FALSE,0,FALSE,FALSE,FALSE,FALSE,FALSE,FALSE
Latvia,USAID,FALSE,0,FALSE,FALSE,FALSE,FALSE,FALSE,FALSE
Lebanon,Millenium Challenge Corporation,FALSE,2,FALSE,FALSE,FALSE,FALSE,FALSE,FALSE
Lebanon,The Peace Corps,FALSE,2,FALSE,FALSE,FALSE,FALSE,FALSE,FALSE
Lebanon,U.S. Department of Agriculture,FALSE,2,FALSE,FALSE,FALSE,FALSE,FALSE,FALSE
Lebanon,U.S. Department of Labor,FALSE,2,FALSE,FALSE,FALSE,FALSE,FALSE,FALSE
Lebanon,U.S. Department of State,TRUE,2,FALSE,FALSE,FALSE,FALSE,FALSE,TRUE
Lebanon,USAID,TRUE,2,FALSE,TRUE,FALSE,FALSE,TRUE,FALSE
Lesotho,Millenium Challenge Corporation,FALSE,2,FALSE,FALSE,FALSE,FALSE,FALSE,FALSE
Lesotho,The Peace Corps,TRUE,2,FALSE,TRUE,FALSE,TRUE,TRUE,FALSE
Lesotho,U.S. Department of Agriculture,FALSE,2,FALSE,FALSE,FALSE,FALSE,FALSE,FALSE
Lesotho,U.S. Department of Labor,FALSE,2,FALSE,FALSE,FALSE,FALSE,FALSE,FALSE
Lesotho,U.S. Department of State,TRUE,2,TRUE,TRUE,TRUE,TRUE,TRUE,FALSE
Lesotho,USAID,FALSE,2,FALSE,FALSE,FALSE,FALSE,FALSE,FALSE
Liberia,Millenium Challenge Corporation,FALSE,3,FALSE,FALSE,FALSE,FALSE,FALSE,FALSE
Liberia,The Peace Corps,TRUE,3,FALSE,TRUE,TRUE,FALSE,TRUE,FALSE
Liberia,U.S. Department of Agriculture,TRUE,3,TRUE,TRUE,FALSE,FALSE,FALSE,FALSE
Liberia,U.S. Department of Labor,FALSE,3,FALSE,FALSE,FALSE,FALSE,FALSE,FALSE
Liberia,U.S. Department of State,FALSE,3,FALSE,FALSE,FALSE,FALSE,FALSE,FALSE
Liberia,USAID,TRUE,3,TRUE,TRUE,TRUE,TRUE,TRUE,FALSE
Libya,Millenium Challenge Corporation,FALSE,1,FALSE,FALSE,FALSE,FALSE,FALSE,FALSE
Libya,The Peace Corps,FALSE,1,FALSE,FALSE,FALSE,FALSE,FALSE,FALSE
Libya,U.S. Department of Agriculture,FALSE,1,FALSE,FALSE,FALSE,FALSE,FALSE,FALSE
Libya,U.S. Department of Labor,FALSE,1,FALSE,FALSE,FALSE,FALSE,FALSE,FALSE
Libya,U.S. Department of State,FALSE,1,FALSE,FALSE,FALSE,FALSE,FALSE,FALSE
Libya,USAID,TRUE,1,FALSE,FALSE,FALSE,TRUE,FALSE,FALSE
Liechtenstein,Millenium Challenge Corporation,FALSE,0,FALSE,FALSE,FALSE,FALSE,FALSE,FALSE
Liechtenstein,The Peace Corps,FALSE,0,FALSE,FALSE,FALSE,FALSE,FALSE,FALSE
Liechtenstein,U.S. Department of Agriculture,FALSE,0,FALSE,FALSE,FALSE,FALSE,FALSE,FALSE
Liechtenstein,U.S. Department of Labor,FALSE,0,FALSE,FALSE,FALSE,FALSE,FALSE,FALSE
Liechtenstein,U.S. Department of State,FALSE,0,FALSE,FALSE,FALSE,FALSE,FALSE,FALSE
Liechtenstein,USAID,FALSE,0,FALSE,FALSE,FALSE,FALSE,FALSE,FALSE
Lithuania,Millenium Challenge Corporation,FALSE,0,FALSE,FALSE,FALSE,FALSE,FALSE,FALSE
Lithuania,The Peace Corps,FALSE,0,FALSE,FALSE,FALSE,FALSE,FALSE,FALSE
Lithuania,U.S. Department of Agriculture,FALSE,0,FALSE,FALSE,FALSE,FALSE,FALSE,FALSE
Lithuania,U.S. Department of Labor,FALSE,0,FALSE,FALSE,FALSE,FALSE,FALSE,FALSE
Lithuania,U.S. Department of State,FALSE,0,FALSE,FALSE,FALSE,FALSE,FALSE,FALSE
Lithuania,USAID,FALSE,0,FALSE,FALSE,FALSE,FALSE,FALSE,FALSE
Luxembourg,Millenium Challenge Corporation,FALSE,0,FALSE,FALSE,FALSE,FALSE,FALSE,FALSE
Luxembourg,The Peace Corps,FALSE,0,FALSE,FALSE,FALSE,FALSE,FALSE,FALSE
Luxembourg,U.S. Department of Agriculture,FALSE,0,FALSE,FALSE,FALSE,FALSE,FALSE,FALSE
Luxembourg,U.S. Department of Labor,FALSE,0,FALSE,FALSE,FALSE,FALSE,FALSE,FALSE
Luxembourg,U.S. Department of State,FALSE,0,FALSE,FALSE,FALSE,FALSE,FALSE,FALSE
Luxembourg,USAID,FALSE,0,FALSE,FALSE,FALSE,FALSE,FALSE,FALSE
Madagascar,Millenium Challenge Corporation,FALSE,3,FALSE,FALSE,FALSE,FALSE,FALSE,FALSE
Madagascar,The Peace Corps,TRUE,3,FALSE,FALSE,TRUE,TRUE,TRUE,FALSE
Madagascar,U.S. Department of Agriculture,TRUE,3,TRUE,TRUE,FALSE,FALSE,FALSE,FALSE
Madagascar,U.S. Department of Labor,TRUE,3,TRUE,FALSE,FALSE,FALSE,TRUE,FALSE
Madagascar,U.S. Department of State,FALSE,3,FALSE,FALSE,FALSE,FALSE,FALSE,FALSE
Madagascar,USAID,FALSE,3,FALSE,FALSE,FALSE,FALSE,FALSE,FALSE
Malawi,Millenium Challenge Corporation,FALSE,4,FALSE,FALSE,FALSE,FALSE,FALSE,FALSE
Malawi,The Peace Corps,TRUE,4,FALSE,TRUE,TRUE,TRUE,TRUE,FALSE
Malawi,U.S. Department of Agriculture,TRUE,4,TRUE,TRUE,FALSE,FALSE,FALSE,FALSE
Malawi,U.S. Department of Labor,FALSE,4,FALSE,FALSE,FALSE,FALSE,FALSE,FALSE
Malawi,U.S. Department of State,TRUE,4,TRUE,TRUE,TRUE,TRUE,FALSE,FALSE
Malawi,USAID,TRUE,4,TRUE,TRUE,TRUE,TRUE,TRUE,FALSE
Malaysia,Millenium Challenge Corporation,FALSE,0,FALSE,FALSE,FALSE,FALSE,FALSE,FALSE
Malaysia,The Peace Corps,FALSE,0,FALSE,FALSE,FALSE,FALSE,FALSE,FALSE
Malaysia,U.S. Department of Agriculture,FALSE,0,FALSE,FALSE,FALSE,FALSE,FALSE,FALSE
Malaysia,U.S. Department of Labor,FALSE,0,FALSE,FALSE,FALSE,FALSE,FALSE,FALSE
Malaysia,U.S. Department of State,FALSE,0,FALSE,FALSE,FALSE,FALSE,FALSE,FALSE
Malaysia,USAID,FALSE,0,FALSE,FALSE,FALSE,FALSE,FALSE,FALSE
Maldives,Millenium Challenge Corporation,FALSE,0,FALSE,FALSE,FALSE,FALSE,FALSE,FALSE
Maldives,The Peace Corps,FALSE,0,FALSE,FALSE,FALSE,FALSE,FALSE,FALSE
Maldives,U.S. Department of Agriculture,FALSE,0,FALSE,FALSE,FALSE,FALSE,FALSE,FALSE
Maldives,U.S. Department of Labor,FALSE,0,FALSE,FALSE,FALSE,FALSE,FALSE,FALSE
Maldives,U.S. Department of State,FALSE,0,FALSE,FALSE,FALSE,FALSE,FALSE,FALSE
Maldives,USAID,FALSE,0,FALSE,FALSE,FALSE,FALSE,FALSE,FALSE
Mali,Millenium Challenge Corporation,FALSE,1,FALSE,FALSE,FALSE,FALSE,FALSE,FALSE
Mali,The Peace Corps,FALSE,1,FALSE,FALSE,FALSE,FALSE,FALSE,FALSE
Mali,U.S. Department of Agriculture,TRUE,1,TRUE,TRUE,FALSE,FALSE,FALSE,FALSE
Mali,U.S. Department of Labor,FALSE,1,FALSE,FALSE,FALSE,FALSE,FALSE,FALSE
Mali,U.S. Department of State,FALSE,1,FALSE,FALSE,FALSE,FALSE,FALSE,FALSE
Mali,USAID,FALSE,1,FALSE,FALSE,FALSE,FALSE,FALSE,FALSE
Malta,Millenium Challenge Corporation,FALSE,0,FALSE,FALSE,FALSE,FALSE,FALSE,FALSE
Malta,The Peace Corps,FALSE,0,FALSE,FALSE,FALSE,FALSE,FALSE,FALSE
Malta,U.S. Department of Agriculture,FALSE,0,FALSE,FALSE,FALSE,FALSE,FALSE,FALSE
Malta,U.S. Department of Labor,FALSE,0,FALSE,FALSE,FALSE,FALSE,FALSE,FALSE
Malta,U.S. Department of State,FALSE,0,FALSE,FALSE,FALSE,FALSE,FALSE,FALSE
Malta,USAID,FALSE,0,FALSE,FALSE,FALSE,FALSE,FALSE,FALSE
Marshall Islands,Millenium Challenge Corporation,FALSE,0,FALSE,FALSE,FALSE,FALSE,FALSE,FALSE
Marshall Islands,The Peace Corps,FALSE,0,FALSE,FALSE,FALSE,FALSE,FALSE,FALSE
Marshall Islands,U.S. Department of Agriculture,FALSE,0,FALSE,FALSE,FALSE,FALSE,FALSE,FALSE
Marshall Islands,U.S. Department of Labor,FALSE,0,FALSE,FALSE,FALSE,FALSE,FALSE,FALSE
Marshall Islands,U.S. Department of State,FALSE,0,FALSE,FALSE,FALSE,FALSE,FALSE,FALSE
Marshall Islands,USAID,FALSE,0,FALSE,FALSE,FALSE,FALSE,FALSE,FALSE
Mauritania,Millenium Challenge Corporation,FALSE,2,FALSE,FALSE,FALSE,FALSE,FALSE,FALSE
Mauritania,The Peace Corps,FALSE,2,FALSE,FALSE,FALSE,FALSE,FALSE,FALSE
Mauritania,U.S. Department of Agriculture,TRUE,2,FALSE,TRUE,FALSE,FALSE,FALSE,FALSE
Mauritania,U.S. Department of Labor,FALSE,2,FALSE,FALSE,FALSE,FALSE,FALSE,FALSE
Mauritania,U.S. Department of State,TRUE,2,FALSE,FALSE,FALSE,FALSE,FALSE,TRUE
Mauritania,USAID,FALSE,2,FALSE,FALSE,FALSE,FALSE,FALSE,FALSE
Mauritius,Millenium Challenge Corporation,FALSE,0,FALSE,FALSE,FALSE,FALSE,FALSE,FALSE
Mauritius,The Peace Corps,FALSE,0,FALSE,FALSE,FALSE,FALSE,FALSE,FALSE
Mauritius,U.S. Department of Agriculture,FALSE,0,FALSE,FALSE,FALSE,FALSE,FALSE,FALSE
Mauritius,U.S. Department of Labor,FALSE,0,FALSE,FALSE,FALSE,FALSE,FALSE,FALSE
Mauritius,U.S. Department of State,TRUE,0,FALSE,FALSE,FALSE,FALSE,FALSE,TRUE
Mauritius,USAID,FALSE,0,FALSE,FALSE,FALSE,FALSE,FALSE,FALSE
Mexico,Millenium Challenge Corporation,FALSE,2,FALSE,FALSE,FALSE,FALSE,FALSE,FALSE
Mexico,The Peace Corps,TRUE,2,FALSE,TRUE,TRUE,TRUE,TRUE,FALSE
Mexico,U.S. Department of Agriculture,FALSE,2,FALSE,FALSE,FALSE,FALSE,FALSE,FALSE
Mexico,U.S. Department of Labor,TRUE,2,FALSE,TRUE,TRUE,TRUE,FALSE,FALSE
Mexico,U.S. Department of State,FALSE,2,FALSE,FALSE,FALSE,FALSE,FALSE,FALSE
Mexico,USAID,FALSE,2,FALSE,FALSE,FALSE,FALSE,FALSE,FALSE
"Micronesia, Federated States of",Millenium Challenge Corporation,FALSE,0,FALSE,FALSE,FALSE,FALSE,FALSE,FALSE
"Micronesia, Federated States of",The Peace Corps,FALSE,0,FALSE,FALSE,FALSE,FALSE,FALSE,FALSE
"Micronesia, Federated States of",U.S. Department of Agriculture,FALSE,0,FALSE,FALSE,FALSE,FALSE,FALSE,FALSE
"Micronesia, Federated States of",U.S. Department of Labor,FALSE,0,FALSE,FALSE,FALSE,FALSE,FALSE,FALSE
"Micronesia, Federated States of",U.S. Department of State,FALSE,0,FALSE,FALSE,FALSE,FALSE,FALSE,FALSE
"Micronesia, Federated States of",USAID,FALSE,0,FALSE,FALSE,FALSE,FALSE,FALSE,FALSE
Middle East Regional,Millenium Challenge Corporation,FALSE,1,FALSE,FALSE,FALSE,FALSE,FALSE,FALSE
Middle East Regional,The Peace Corps,FALSE,1,FALSE,FALSE,FALSE,FALSE,FALSE,FALSE
Middle East Regional,U.S. Department of Agriculture,FALSE,1,FALSE,FALSE,FALSE,FALSE,FALSE,FALSE
Middle East Regional,U.S. Department of Labor,FALSE,1,FALSE,FALSE,FALSE,FALSE,FALSE,FALSE
Middle East Regional,U.S. Department of State,FALSE,1,FALSE,FALSE,FALSE,FALSE,FALSE,FALSE
Middle East Regional,USAID,TRUE,1,FALSE,FALSE,FALSE,FALSE,TRUE,FALSE
Moldova,Millenium Challenge Corporation,FALSE,1,FALSE,FALSE,FALSE,FALSE,FALSE,FALSE
Moldova,The Peace Corps,TRUE,1,FALSE,FALSE,TRUE,TRUE,TRUE,FALSE
Moldova,U.S. Department of Agriculture,FALSE,1,FALSE,FALSE,FALSE,FALSE,FALSE,FALSE
Moldova,U.S. Department of Labor,FALSE,1,FALSE,FALSE,FALSE,FALSE,FALSE,FALSE
Moldova,U.S. Department of State,FALSE,1,FALSE,FALSE,FALSE,FALSE,FALSE,FALSE
Moldova,USAID,FALSE,1,FALSE,FALSE,FALSE,FALSE,FALSE,FALSE
Monaco,Millenium Challenge Corporation,FALSE,0,FALSE,FALSE,FALSE,FALSE,FALSE,FALSE
Monaco,The Peace Corps,FALSE,0,FALSE,FALSE,FALSE,FALSE,FALSE,FALSE
Monaco,U.S. Department of Agriculture,FALSE,0,FALSE,FALSE,FALSE,FALSE,FALSE,FALSE
Monaco,U.S. Department of Labor,FALSE,0,FALSE,FALSE,FALSE,FALSE,FALSE,FALSE
Monaco,U.S. Department of State,FALSE,0,FALSE,FALSE,FALSE,FALSE,FALSE,FALSE
Monaco,USAID,FALSE,0,FALSE,FALSE,FALSE,FALSE,FALSE,FALSE
Mongolia,Millenium Challenge Corporation,FALSE,1,FALSE,FALSE,FALSE,FALSE,FALSE,FALSE
Mongolia,The Peace Corps,TRUE,1,FALSE,FALSE,TRUE,TRUE,TRUE,FALSE
Mongolia,U.S. Department of Agriculture,FALSE,1,FALSE,FALSE,FALSE,FALSE,FALSE,FALSE
Mongolia,U.S. Department of Labor,FALSE,1,FALSE,FALSE,FALSE,FALSE,FALSE,FALSE
Mongolia,U.S. Department of State,FALSE,1,FALSE,FALSE,FALSE,FALSE,FALSE,FALSE
Mongolia,USAID,FALSE,1,FALSE,FALSE,FALSE,FALSE,FALSE,FALSE
Montenegro,Millenium Challenge Corporation,FALSE,1,FALSE,FALSE,FALSE,FALSE,FALSE,FALSE
Montenegro,The Peace Corps,TRUE,1,FALSE,FALSE,TRUE,TRUE,TRUE,FALSE
Montenegro,U.S. Department of Agriculture,FALSE,1,FALSE,FALSE,FALSE,FALSE,FALSE,FALSE
Montenegro,U.S. Department of Labor,FALSE,1,FALSE,FALSE,FALSE,FALSE,FALSE,FALSE
Montenegro,U.S. Department of State,FALSE,1,FALSE,FALSE,FALSE,FALSE,FALSE,FALSE
Montenegro,USAID,FALSE,1,FALSE,FALSE,FALSE,FALSE,FALSE,FALSE
Morocco,Millenium Challenge Corporation,FALSE,2,FALSE,FALSE,FALSE,FALSE,FALSE,FALSE
Morocco,The Peace Corps,FALSE,2,FALSE,FALSE,FALSE,FALSE,FALSE,FALSE
Morocco,U.S. Department of Agriculture,FALSE,2,FALSE,FALSE,FALSE,FALSE,FALSE,FALSE
Morocco,U.S. Department of Labor,FALSE,2,FALSE,FALSE,FALSE,FALSE,FALSE,FALSE
Morocco,U.S. Department of State,TRUE,2,FALSE,FALSE,TRUE,TRUE,FALSE,FALSE
Morocco,USAID,TRUE,2,TRUE,TRUE,TRUE,TRUE,TRUE,FALSE
Mozambique,Millenium Challenge Corporation,FALSE,3,FALSE,FALSE,FALSE,FALSE,FALSE,FALSE
Mozambique,The Peace Corps,FALSE,3,FALSE,FALSE,FALSE,FALSE,FALSE,FALSE
Mozambique,U.S. Department of Agriculture,TRUE,3,TRUE,TRUE,FALSE,FALSE,FALSE,FALSE
Mozambique,U.S. Department of Labor,FALSE,3,FALSE,FALSE,FALSE,FALSE,FALSE,FALSE
Mozambique,U.S. Department of State,TRUE,3,TRUE,TRUE,TRUE,TRUE,FALSE,FALSE
Mozambique,USAID,TRUE,3,TRUE,TRUE,TRUE,TRUE,TRUE,FALSE
Namibia,Millenium Challenge Corporation,FALSE,2,FALSE,FALSE,FALSE,FALSE,FALSE,FALSE
Namibia,The Peace Corps,TRUE,2,FALSE,TRUE,TRUE,TRUE,TRUE,FALSE
Namibia,U.S. Department of Agriculture,FALSE,2,FALSE,FALSE,FALSE,FALSE,FALSE,FALSE
Namibia,U.S. Department of Labor,FALSE,2,FALSE,FALSE,FALSE,FALSE,FALSE,FALSE
Namibia,U.S. Department of State,TRUE,2,TRUE,TRUE,TRUE,TRUE,TRUE,FALSE
Namibia,USAID,FALSE,2,FALSE,FALSE,FALSE,FALSE,FALSE,FALSE
Nauru,Millenium Challenge Corporation,FALSE,0,FALSE,FALSE,FALSE,FALSE,FALSE,FALSE
Nauru,The Peace Corps,FALSE,0,FALSE,FALSE,FALSE,FALSE,FALSE,FALSE
Nauru,U.S. Department of Agriculture,FALSE,0,FALSE,FALSE,FALSE,FALSE,FALSE,FALSE
Nauru,U.S. Department of Labor,FALSE,0,FALSE,FALSE,FALSE,FALSE,FALSE,FALSE
Nauru,U.S. Department of State,FALSE,0,FALSE,FALSE,FALSE,FALSE,FALSE,FALSE
Nauru,USAID,FALSE,0,FALSE,FALSE,FALSE,FALSE,FALSE,FALSE
Nepal,Millenium Challenge Corporation,FALSE,4,FALSE,FALSE,FALSE,FALSE,FALSE,FALSE
Nepal,The Peace Corps,TRUE,4,FALSE,FALSE,TRUE,TRUE,TRUE,FALSE
Nepal,U.S. Department of Agriculture,TRUE,4,TRUE,TRUE,FALSE,FALSE,FALSE,FALSE
Nepal,U.S. Department of Labor,FALSE,4,FALSE,FALSE,FALSE,FALSE,FALSE,FALSE
Nepal,U.S. Department of State,TRUE,4,FALSE,TRUE,TRUE,TRUE,TRUE,FALSE
Nepal,USAID,TRUE,4,TRUE,TRUE,TRUE,TRUE,FALSE,FALSE
Netherlands,Millenium Challenge Corporation,FALSE,0,FALSE,FALSE,FALSE,FALSE,FALSE,FALSE
Netherlands,The Peace Corps,FALSE,0,FALSE,FALSE,FALSE,FALSE,FALSE,FALSE
Netherlands,U.S. Department of Agriculture,FALSE,0,FALSE,FALSE,FALSE,FALSE,FALSE,FALSE
Netherlands,U.S. Department of Labor,FALSE,0,FALSE,FALSE,FALSE,FALSE,FALSE,FALSE
Netherlands,U.S. Department of State,FALSE,0,FALSE,FALSE,FALSE,FALSE,FALSE,FALSE
Netherlands,USAID,FALSE,0,FALSE,FALSE,FALSE,FALSE,FALSE,FALSE
New Zealand,Millenium Challenge Corporation,FALSE,0,FALSE,FALSE,FALSE,FALSE,FALSE,FALSE
New Zealand,The Peace Corps,FALSE,0,FALSE,FALSE,FALSE,FALSE,FALSE,FALSE
New Zealand,U.S. Department of Agriculture,FALSE,0,FALSE,FALSE,FALSE,FALSE,FALSE,FALSE
New Zealand,U.S. Department of Labor,FALSE,0,FALSE,FALSE,FALSE,FALSE,FALSE,FALSE
New Zealand,U.S. Department of State,FALSE,0,FALSE,FALSE,FALSE,FALSE,FALSE,FALSE
New Zealand,USAID,FALSE,0,FALSE,FALSE,FALSE,FALSE,FALSE,FALSE
Nicaragua,Millenium Challenge Corporation,FALSE,2,FALSE,FALSE,FALSE,FALSE,FALSE,FALSE
Nicaragua,The Peace Corps,FALSE,2,FALSE,FALSE,FALSE,FALSE,FALSE,FALSE
Nicaragua,U.S. Department of Agriculture,TRUE,2,TRUE,TRUE,FALSE,FALSE,FALSE,FALSE
Nicaragua,U.S. Department of Labor,FALSE,2,FALSE,FALSE,FALSE,FALSE,FALSE,FALSE
Nicaragua,U.S. Department of State,FALSE,2,FALSE,FALSE,FALSE,FALSE,FALSE,FALSE
Nicaragua,USAID,TRUE,2,TRUE,FALSE,FALSE,TRUE,TRUE,FALSE
Niger,Millenium Challenge Corporation,FALSE,1,FALSE,FALSE,FALSE,FALSE,FALSE,FALSE
Niger,The Peace Corps,FALSE,1,FALSE,FALSE,FALSE,FALSE,FALSE,FALSE
Niger,U.S. Department of Agriculture,FALSE,1,FALSE,FALSE,FALSE,FALSE,FALSE,FALSE
Niger,U.S. Department of Labor,FALSE,1,FALSE,FALSE,FALSE,FALSE,FALSE,FALSE
Niger,U.S. Department of State,FALSE,1,FALSE,FALSE,FALSE,FALSE,FALSE,FALSE
Niger,USAID,TRUE,1,FALSE,TRUE,FALSE,TRUE,TRUE,FALSE
Nigeria,Millenium Challenge Corporation,FALSE,2,FALSE,FALSE,FALSE,FALSE,FALSE,FALSE
Nigeria,The Peace Corps,FALSE,2,FALSE,FALSE,FALSE,FALSE,FALSE,FALSE
Nigeria,U.S. Department of Agriculture,FALSE,2,FALSE,FALSE,FALSE,FALSE,FALSE,FALSE
Nigeria,U.S. Department of Labor,FALSE,2,FALSE,FALSE,FALSE,FALSE,FALSE,FALSE
Nigeria,U.S. Department of State,TRUE,2,TRUE,TRUE,TRUE,TRUE,FALSE,FALSE
Nigeria,USAID,TRUE,2,FALSE,TRUE,FALSE,TRUE,TRUE,FALSE
Niue,Millenium Challenge Corporation,FALSE,0,FALSE,FALSE,FALSE,FALSE,FALSE,FALSE
Niue,The Peace Corps,FALSE,0,FALSE,FALSE,FALSE,FALSE,FALSE,FALSE
Niue,U.S. Department of Agriculture,FALSE,0,FALSE,FALSE,FALSE,FALSE,FALSE,FALSE
Niue,U.S. Department of Labor,FALSE,0,FALSE,FALSE,FALSE,FALSE,FALSE,FALSE
Niue,U.S. Department of State,FALSE,0,FALSE,FALSE,FALSE,FALSE,FALSE,FALSE
Niue,USAID,FALSE,0,FALSE,FALSE,FALSE,FALSE,FALSE,FALSE
North Macedonia,Millenium Challenge Corporation,FALSE,1,FALSE,FALSE,FALSE,FALSE,FALSE,FALSE
North Macedonia,The Peace Corps,TRUE,1,FALSE,TRUE,FALSE,TRUE,TRUE,FALSE
North Macedonia,U.S. Department of Agriculture,FALSE,1,FALSE,FALSE,FALSE,FALSE,FALSE,FALSE
North Macedonia,U.S. Department of Labor,FALSE,1,FALSE,FALSE,FALSE,FALSE,FALSE,FALSE
North Macedonia,U.S. Department of State,FALSE,1,FALSE,FALSE,FALSE,FALSE,FALSE,FALSE
North Macedonia,USAID,FALSE,1,FALSE,FALSE,FALSE,FALSE,FALSE,FALSE
Norway,Millenium Challenge Corporation,FALSE,0,FALSE,FALSE,FALSE,FALSE,FALSE,FALSE
Norway,The Peace Corps,FALSE,0,FALSE,FALSE,FALSE,FALSE,FALSE,FALSE
Norway,U.S. Department of Agriculture,FALSE,0,FALSE,FALSE,FALSE,FALSE,FALSE,FALSE
Norway,U.S. Department of Labor,FALSE,0,FALSE,FALSE,FALSE,FALSE,FALSE,FALSE
Norway,U.S. Department of State,FALSE,0,FALSE,FALSE,FALSE,FALSE,FALSE,FALSE
Norway,USAID,FALSE,0,FALSE,FALSE,FALSE,FALSE,FALSE,FALSE
Oman,Millenium Challenge Corporation,FALSE,0,FALSE,FALSE,FALSE,FALSE,FALSE,FALSE
Oman,The Peace Corps,FALSE,0,FALSE,FALSE,FALSE,FALSE,FALSE,FALSE
Oman,U.S. Department of Agriculture,FALSE,0,FALSE,FALSE,FALSE,FALSE,FALSE,FALSE
Oman,U.S. Department of Labor,FALSE,0,FALSE,FALSE,FALSE,FALSE,FALSE,FALSE
Oman,U.S. Department of State,FALSE,0,FALSE,FALSE,FALSE,FALSE,FALSE,FALSE
Oman,USAID,FALSE,0,FALSE,FALSE,FALSE,FALSE,FALSE,FALSE
Pakistan,Millenium Challenge Corporation,FALSE,2,FALSE,FALSE,FALSE,FALSE,FALSE,FALSE
Pakistan,The Peace Corps,FALSE,2,FALSE,FALSE,FALSE,FALSE,FALSE,FALSE
Pakistan,U.S. Department of Agriculture,FALSE,2,FALSE,FALSE,FALSE,FALSE,FALSE,FALSE
Pakistan,U.S. Department of Labor,FALSE,2,FALSE,FALSE,FALSE,FALSE,FALSE,FALSE
Pakistan,U.S. Department of State,TRUE,2,TRUE,TRUE,TRUE,TRUE,FALSE,FALSE
Pakistan,USAID,TRUE,2,FALSE,TRUE,TRUE,TRUE,TRUE,FALSE
Palau,Millenium Challenge Corporation,FALSE,0,FALSE,FALSE,FALSE,FALSE,FALSE,FALSE
Palau,The Peace Corps,FALSE,0,FALSE,FALSE,FALSE,FALSE,FALSE,FALSE
Palau,U.S. Department of Agriculture,FALSE,0,FALSE,FALSE,FALSE,FALSE,FALSE,FALSE
Palau,U.S. Department of Labor,FALSE,0,FALSE,FALSE,FALSE,FALSE,FALSE,FALSE
Palau,U.S. Department of State,FALSE,0,FALSE,FALSE,FALSE,FALSE,FALSE,FALSE
Palau,USAID,FALSE,0,FALSE,FALSE,FALSE,FALSE,FALSE,FALSE
Panama,Millenium Challenge Corporation,FALSE,0,FALSE,FALSE,FALSE,FALSE,FALSE,FALSE
Panama,The Peace Corps,FALSE,0,FALSE,FALSE,FALSE,FALSE,FALSE,FALSE
Panama,U.S. Department of Agriculture,FALSE,0,FALSE,FALSE,FALSE,FALSE,FALSE,FALSE
Panama,U.S. Department of Labor,FALSE,0,FALSE,FALSE,FALSE,FALSE,FALSE,FALSE
Panama,U.S. Department of State,FALSE,0,FALSE,FALSE,FALSE,FALSE,FALSE,FALSE
Panama,USAID,FALSE,0,FALSE,FALSE,FALSE,FALSE,FALSE,FALSE
Papua New Guinea,Millenium Challenge Corporation,FALSE,0,FALSE,FALSE,FALSE,FALSE,FALSE,FALSE
Papua New Guinea,The Peace Corps,FALSE,0,FALSE,FALSE,FALSE,FALSE,FALSE,FALSE
Papua New Guinea,U.S. Department of Agriculture,FALSE,0,FALSE,FALSE,FALSE,FALSE,FALSE,FALSE
Papua New Guinea,U.S. Department of Labor,FALSE,0,FALSE,FALSE,FALSE,FALSE,FALSE,FALSE
Papua New Guinea,U.S. Department of State,FALSE,0,FALSE,FALSE,FALSE,FALSE,FALSE,FALSE
Papua New Guinea,USAID,FALSE,0,FALSE,FALSE,FALSE,FALSE,FALSE,FALSE
Paraguay,Millenium Challenge Corporation,FALSE,1,FALSE,FALSE,FALSE,FALSE,FALSE,FALSE
Paraguay,The Peace Corps,FALSE,1,FALSE,FALSE,FALSE,FALSE,FALSE,FALSE
Paraguay,U.S. Department of Agriculture,FALSE,1,FALSE,FALSE,FALSE,FALSE,FALSE,FALSE
Paraguay,U.S. Department of Labor,FALSE,1,FALSE,FALSE,FALSE,FALSE,FALSE,FALSE
Paraguay,U.S. Department of State,FALSE,1,FALSE,FALSE,FALSE,FALSE,FALSE,FALSE
Paraguay,USAID,TRUE,1,FALSE,FALSE,FALSE,FALSE,TRUE,FALSE
Peru,Millenium Challenge Corporation,FALSE,1,FALSE,FALSE,FALSE,FALSE,FALSE,FALSE
Peru,The Peace Corps,FALSE,1,FALSE,FALSE,FALSE,FALSE,FALSE,FALSE
Peru,U.S. Department of Agriculture,FALSE,1,FALSE,FALSE,FALSE,FALSE,FALSE,FALSE
Peru,U.S. Department of Labor,FALSE,1,FALSE,FALSE,FALSE,FALSE,FALSE,FALSE
Peru,U.S. Department of State,TRUE,1,FALSE,FALSE,FALSE,FALSE,FALSE,TRUE
Peru,USAID,FALSE,1,FALSE,FALSE,FALSE,FALSE,FALSE,FALSE
Philippines,Millenium Challenge Corporation,FALSE,3,FALSE,FALSE,FALSE,FALSE,FALSE,FALSE
Philippines,The Peace Corps,TRUE,3,FALSE,TRUE,TRUE,TRUE,TRUE,FALSE
Philippines,U.S. Department of Agriculture,FALSE,3,FALSE,FALSE,FALSE,FALSE,FALSE,FALSE
Philippines,U.S. Department of Labor,FALSE,3,FALSE,FALSE,FALSE,FALSE,FALSE,FALSE
Philippines,U.S. Department of State,TRUE,3,FALSE,TRUE,FALSE,TRUE,FALSE,FALSE
Philippines,USAID,TRUE,3,TRUE,TRUE,TRUE,TRUE,TRUE,FALSE
Poland,Millenium Challenge Corporation,FALSE,0,FALSE,FALSE,FALSE,FALSE,FALSE,FALSE
Poland,The Peace Corps,FALSE,0,FALSE,FALSE,FALSE,FALSE,FALSE,FALSE
Poland,U.S. Department of Agriculture,FALSE,0,FALSE,FALSE,FALSE,FALSE,FALSE,FALSE
Poland,U.S. Department of Labor,FALSE,0,FALSE,FALSE,FALSE,FALSE,FALSE,FALSE
Poland,U.S. Department of State,FALSE,0,FALSE,FALSE,FALSE,FALSE,FALSE,FALSE
Poland,USAID,FALSE,0,FALSE,FALSE,FALSE,FALSE,FALSE,FALSE
Portugal,Millenium Challenge Corporation,FALSE,0,FALSE,FALSE,FALSE,FALSE,FALSE,FALSE
Portugal,The Peace Corps,FALSE,0,FALSE,FALSE,FALSE,FALSE,FALSE,FALSE
Portugal,U.S. Department of Agriculture,FALSE,0,FALSE,FALSE,FALSE,FALSE,FALSE,FALSE
Portugal,U.S. Department of Labor,FALSE,0,FALSE,FALSE,FALSE,FALSE,FALSE,FALSE
Portugal,U.S. Department of State,FALSE,0,FALSE,FALSE,FALSE,FALSE,FALSE,FALSE
Portugal,USAID,FALSE,0,FALSE,FALSE,FALSE,FALSE,FALSE,FALSE
Qatar,Millenium Challenge Corporation,FALSE,0,FALSE,FALSE,FALSE,FALSE,FALSE,FALSE
Qatar,The Peace Corps,FALSE,0,FALSE,FALSE,FALSE,FALSE,FALSE,FALSE
Qatar,U.S. Department of Agriculture,FALSE,0,FALSE,FALSE,FALSE,FALSE,FALSE,FALSE
Qatar,U.S. Department of Labor,FALSE,0,FALSE,FALSE,FALSE,FALSE,FALSE,FALSE
Qatar,U.S. Department of State,FALSE,0,FALSE,FALSE,FALSE,FALSE,FALSE,FALSE
Qatar,USAID,FALSE,0,FALSE,FALSE,FALSE,FALSE,FALSE,FALSE
Romania,Millenium Challenge Corporation,FALSE,0,FALSE,FALSE,FALSE,FALSE,FALSE,FALSE
Romania,The Peace Corps,FALSE,0,FALSE,FALSE,FALSE,FALSE,FALSE,FALSE
Romania,U.S. Department of Agriculture,FALSE,0,FALSE,FALSE,FALSE,FALSE,FALSE,FALSE
Romania,U.S. Department of Labor,FALSE,0,FALSE,FALSE,FALSE,FALSE,FALSE,FALSE
Romania,U.S. Department of State,FALSE,0,FALSE,FALSE,FALSE,FALSE,FALSE,FALSE
Romania,USAID,FALSE,0,FALSE,FALSE,FALSE,FALSE,FALSE,FALSE
Russia,Millenium Challenge Corporation,FALSE,0,FALSE,FALSE,FALSE,FALSE,FALSE,FALSE
Russia,The Peace Corps,FALSE,0,FALSE,FALSE,FALSE,FALSE,FALSE,FALSE
Russia,U.S. Department of Agriculture,FALSE,0,FALSE,FALSE,FALSE,FALSE,FALSE,FALSE
Russia,U.S. Department of Labor,FALSE,0,FALSE,FALSE,FALSE,FALSE,FALSE,FALSE
Russia,U.S. Department of State,FALSE,0,FALSE,FALSE,FALSE,FALSE,FALSE,FALSE
Russia,USAID,FALSE,0,FALSE,FALSE,FALSE,FALSE,FALSE,FALSE
Rwanda,Millenium Challenge Corporation,FALSE,4,FALSE,FALSE,FALSE,FALSE,FALSE,FALSE
Rwanda,The Peace Corps,TRUE,4,FALSE,TRUE,TRUE,TRUE,TRUE,FALSE
Rwanda,U.S. Department of Agriculture,TRUE,4,TRUE,TRUE,FALSE,FALSE,FALSE,FALSE
Rwanda,U.S. Department of Labor,FALSE,4,FALSE,FALSE,FALSE,FALSE,FALSE,FALSE
Rwanda,U.S. Department of State,TRUE,4,TRUE,TRUE,TRUE,TRUE,TRUE,FALSE
Rwanda,USAID,TRUE,4,TRUE,TRUE,TRUE,TRUE,TRUE,FALSE
Saint Kitts and Nevis,Millenium Challenge Corporation,FALSE,0,FALSE,FALSE,FALSE,FALSE,FALSE,FALSE
Saint Kitts and Nevis,The Peace Corps,FALSE,0,FALSE,FALSE,FALSE,FALSE,FALSE,FALSE
Saint Kitts and Nevis,U.S. Department of Agriculture,FALSE,0,FALSE,FALSE,FALSE,FALSE,FALSE,FALSE
Saint Kitts and Nevis,U.S. Department of Labor,FALSE,0,FALSE,FALSE,FALSE,FALSE,FALSE,FALSE
Saint Kitts and Nevis,U.S. Department of State,FALSE,0,FALSE,FALSE,FALSE,FALSE,FALSE,FALSE
Saint Kitts and Nevis,USAID,FALSE,0,FALSE,FALSE,FALSE,FALSE,FALSE,FALSE
Saint Lucia,Millenium Challenge Corporation,FALSE,1,FALSE,FALSE,FALSE,FALSE,FALSE,FALSE
Saint Lucia,The Peace Corps,TRUE,1,FALSE,TRUE,FALSE,FALSE,TRUE,FALSE
Saint Lucia,U.S. Department of Agriculture,FALSE,1,FALSE,FALSE,FALSE,FALSE,FALSE,FALSE
Saint Lucia,U.S. Department of Labor,FALSE,1,FALSE,FALSE,FALSE,FALSE,FALSE,FALSE
Saint Lucia,U.S. Department of State,FALSE,1,FALSE,FALSE,FALSE,FALSE,FALSE,FALSE
Saint Lucia,USAID,FALSE,1,FALSE,FALSE,FALSE,FALSE,FALSE,FALSE
Saint Vincent and the Grenadines,Millenium Challenge Corporation,FALSE,1,FALSE,FALSE,FALSE,FALSE,FALSE,FALSE
Saint Vincent and the Grenadines,The Peace Corps,TRUE,1,FALSE,TRUE,FALSE,FALSE,TRUE,FALSE
Saint Vincent and the Grenadines,U.S. Department of Agriculture,FALSE,1,FALSE,FALSE,FALSE,FALSE,FALSE,FALSE
Saint Vincent and the Grenadines,U.S. Department of Labor,FALSE,1,FALSE,FALSE,FALSE,FALSE,FALSE,FALSE
Saint Vincent and the Grenadines,U.S. Department of State,FALSE,1,FALSE,FALSE,FALSE,FALSE,FALSE,FALSE
Saint Vincent and the Grenadines,USAID,FALSE,1,FALSE,FALSE,FALSE,FALSE,FALSE,FALSE
Samoa,Millenium Challenge Corporation,FALSE,1,FALSE,FALSE,FALSE,FALSE,FALSE,FALSE
Samoa,The Peace Corps,TRUE,1,FALSE,TRUE,FALSE,FALSE,TRUE,FALSE
Samoa,U.S. Department of Agriculture,FALSE,1,FALSE,FALSE,FALSE,FALSE,FALSE,FALSE
Samoa,U.S. Department of Labor,FALSE,1,FALSE,FALSE,FALSE,FALSE,FALSE,FALSE
Samoa,U.S. Department of State,FALSE,1,FALSE,FALSE,FALSE,FALSE,FALSE,FALSE
Samoa,USAID,FALSE,1,FALSE,FALSE,FALSE,FALSE,FALSE,FALSE
San Marino,Millenium Challenge Corporation,FALSE,0,FALSE,FALSE,FALSE,FALSE,FALSE,FALSE
San Marino,The Peace Corps,FALSE,0,FALSE,FALSE,FALSE,FALSE,FALSE,FALSE
San Marino,U.S. Department of Agriculture,FALSE,0,FALSE,FALSE,FALSE,FALSE,FALSE,FALSE
San Marino,U.S. Department of Labor,FALSE,0,FALSE,FALSE,FALSE,FALSE,FALSE,FALSE
San Marino,U.S. Department of State,FALSE,0,FALSE,FALSE,FALSE,FALSE,FALSE,FALSE
San Marino,USAID,FALSE,0,FALSE,FALSE,FALSE,FALSE,FALSE,FALSE
Sao Tome and Principe,Millenium Challenge Corporation,FALSE,0,FALSE,FALSE,FALSE,FALSE,FALSE,FALSE
Sao Tome and Principe,The Peace Corps,FALSE,0,FALSE,FALSE,FALSE,FALSE,FALSE,FALSE
Sao Tome and Principe,U.S. Department of Agriculture,FALSE,0,FALSE,FALSE,FALSE,FALSE,FALSE,FALSE
Sao Tome and Principe,U.S. Department of Labor,FALSE,0,FALSE,FALSE,FALSE,FALSE,FALSE,FALSE
Sao Tome and Principe,U.S. Department of State,FALSE,0,FALSE,FALSE,FALSE,FALSE,FALSE,FALSE
Sao Tome and Principe,USAID,FALSE,0,FALSE,FALSE,FALSE,FALSE,FALSE,FALSE
Saudi Arabia,Millenium Challenge Corporation,FALSE,0,FALSE,FALSE,FALSE,FALSE,FALSE,FALSE
Saudi Arabia,The Peace Corps,FALSE,0,FALSE,FALSE,FALSE,FALSE,FALSE,FALSE
Saudi Arabia,U.S. Department of Agriculture,FALSE,0,FALSE,FALSE,FALSE,FALSE,FALSE,FALSE
Saudi Arabia,U.S. Department of Labor,FALSE,0,FALSE,FALSE,FALSE,FALSE,FALSE,FALSE
Saudi Arabia,U.S. Department of State,FALSE,0,FALSE,FALSE,FALSE,FALSE,FALSE,FALSE
Saudi Arabia,USAID,FALSE,0,FALSE,FALSE,FALSE,FALSE,FALSE,FALSE
Senegal,Millenium Challenge Corporation,FALSE,3,FALSE,FALSE,FALSE,FALSE,FALSE,FALSE
Senegal,The Peace Corps,FALSE,3,FALSE,FALSE,FALSE,FALSE,FALSE,FALSE
Senegal,U.S. Department of Agriculture,TRUE,3,TRUE,TRUE,FALSE,FALSE,FALSE,FALSE
Senegal,U.S. Department of Labor,FALSE,3,FALSE,FALSE,FALSE,FALSE,FALSE,FALSE
Senegal,U.S. Department of State,TRUE,3,FALSE,FALSE,FALSE,TRUE,FALSE,FALSE
Senegal,USAID,TRUE,3,FALSE,TRUE,FALSE,FALSE,FALSE,FALSE
Serbia,Millenium Challenge Corporation,FALSE,0,FALSE,FALSE,FALSE,FALSE,FALSE,FALSE
Serbia,The Peace Corps,FALSE,0,FALSE,FALSE,FALSE,FALSE,FALSE,FALSE
Serbia,U.S. Department of Agriculture,FALSE,0,FALSE,FALSE,FALSE,FALSE,FALSE,FALSE
Serbia,U.S. Department of Labor,FALSE,0,FALSE,FALSE,FALSE,FALSE,FALSE,FALSE
Serbia,U.S. Department of State,FALSE,0,FALSE,FALSE,FALSE,FALSE,FALSE,FALSE
Serbia,USAID,FALSE,0,FALSE,FALSE,FALSE,FALSE,FALSE,FALSE
Seychelles,Millenium Challenge Corporation,FALSE,0,FALSE,FALSE,FALSE,FALSE,FALSE,FALSE
Seychelles,The Peace Corps,FALSE,0,FALSE,FALSE,FALSE,FALSE,FALSE,FALSE
Seychelles,U.S. Department of Agriculture,FALSE,0,FALSE,FALSE,FALSE,FALSE,FALSE,FALSE
Seychelles,U.S. Department of Labor,FALSE,0,FALSE,FALSE,FALSE,FALSE,FALSE,FALSE
Seychelles,U.S. Department of State,FALSE,0,FALSE,FALSE,FALSE,FALSE,FALSE,FALSE
Seychelles,USAID,FALSE,0,FALSE,FALSE,FALSE,FALSE,FALSE,FALSE
Sierra Leone,Millenium Challenge Corporation,FALSE,2,FALSE,FALSE,FALSE,FALSE,FALSE,FALSE
Sierra Leone,The Peace Corps,TRUE,2,FALSE,TRUE,TRUE,TRUE,TRUE,FALSE
Sierra Leone,U.S. Department of Agriculture,TRUE,2,TRUE,TRUE,FALSE,FALSE,FALSE,FALSE
Sierra Leone,U.S. Department of Labor,FALSE,2,FALSE,FALSE,FALSE,FALSE,FALSE,FALSE
Sierra Leone,U.S. Department of State,FALSE,2,FALSE,FALSE,FALSE,FALSE,FALSE,FALSE
Sierra Leone,USAID,FALSE,2,FALSE,FALSE,FALSE,FALSE,FALSE,FALSE
Singapore,Millenium Challenge Corporation,FALSE,0,FALSE,FALSE,FALSE,FALSE,FALSE,FALSE
Singapore,The Peace Corps,FALSE,0,FALSE,FALSE,FALSE,FALSE,FALSE,FALSE
Singapore,U.S. Department of Agriculture,FALSE,0,FALSE,FALSE,FALSE,FALSE,FALSE,FALSE
Singapore,U.S. Department of Labor,FALSE,0,FALSE,FALSE,FALSE,FALSE,FALSE,FALSE
Singapore,U.S. Department of State,FALSE,0,FALSE,FALSE,FALSE,FALSE,FALSE,FALSE
Singapore,USAID,FALSE,0,FALSE,FALSE,FALSE,FALSE,FALSE,FALSE
Slovakia,Millenium Challenge Corporation,FALSE,0,FALSE,FALSE,FALSE,FALSE,FALSE,FALSE
Slovakia,The Peace Corps,FALSE,0,FALSE,FALSE,FALSE,FALSE,FALSE,FALSE
Slovakia,U.S. Department of Agriculture,FALSE,0,FALSE,FALSE,FALSE,FALSE,FALSE,FALSE
Slovakia,U.S. Department of Labor,FALSE,0,FALSE,FALSE,FALSE,FALSE,FALSE,FALSE
Slovakia,U.S. Department of State,FALSE,0,FALSE,FALSE,FALSE,FALSE,FALSE,FALSE
Slovakia,USAID,FALSE,0,FALSE,FALSE,FALSE,FALSE,FALSE,FALSE
Slovenia,Millenium Challenge Corporation,FALSE,0,FALSE,FALSE,FALSE,FALSE,FALSE,FALSE
Slovenia,The Peace Corps,FALSE,0,FALSE,FALSE,FALSE,FALSE,FALSE,FALSE
Slovenia,U.S. Department of Agriculture,FALSE,0,FALSE,FALSE,FALSE,FALSE,FALSE,FALSE
Slovenia,U.S. Department of Labor,FALSE,0,FALSE,FALSE,FALSE,FALSE,FALSE,FALSE
Slovenia,U.S. Department of State,FALSE,0,FALSE,FALSE,FALSE,FALSE,FALSE,FALSE
Slovenia,USAID,FALSE,0,FALSE,FALSE,FALSE,FALSE,FALSE,FALSE
Solomon Islands,Millenium Challenge Corporation,FALSE,0,FALSE,FALSE,FALSE,FALSE,FALSE,FALSE
Solomon Islands,The Peace Corps,FALSE,0,FALSE,FALSE,FALSE,FALSE,FALSE,FALSE
Solomon Islands,U.S. Department of Agriculture,FALSE,0,FALSE,FALSE,FALSE,FALSE,FALSE,FALSE
Solomon Islands,U.S. Department of Labor,FALSE,0,FALSE,FALSE,FALSE,FALSE,FALSE,FALSE
Solomon Islands,U.S. Department of State,FALSE,0,FALSE,FALSE,FALSE,FALSE,FALSE,FALSE
Solomon Islands,USAID,FALSE,0,FALSE,FALSE,FALSE,FALSE,FALSE,FALSE
Somalia,Millenium Challenge Corporation,FALSE,1,FALSE,FALSE,FALSE,FALSE,FALSE,FALSE
Somalia,The Peace Corps,FALSE,1,FALSE,FALSE,FALSE,FALSE,FALSE,FALSE
Somalia,U.S. Department of Agriculture,FALSE,1,FALSE,FALSE,FALSE,FALSE,FALSE,FALSE
Somalia,U.S. Department of Labor,FALSE,1,FALSE,FALSE,FALSE,FALSE,FALSE,FALSE
Somalia,U.S. Department of State,FALSE,1,FALSE,FALSE,FALSE,FALSE,FALSE,FALSE
Somalia,USAID,TRUE,1,FALSE,TRUE,TRUE,TRUE,TRUE,FALSE
South Africa,Millenium Challenge Corporation,FALSE,3,FALSE,FALSE,FALSE,FALSE,FALSE,FALSE
South Africa,The Peace Corps,TRUE,3,FALSE,TRUE,FALSE,FALSE,TRUE,FALSE
South Africa,U.S. Department of Agriculture,FALSE,3,FALSE,FALSE,FALSE,FALSE,FALSE,FALSE
South Africa,U.S. Department of Labor,FALSE,3,FALSE,FALSE,FALSE,FALSE,FALSE,FALSE
South Africa,U.S. Department of State,TRUE,3,TRUE,TRUE,TRUE,TRUE,TRUE,FALSE
South Africa,USAID,TRUE,3,TRUE,TRUE,FALSE,TRUE,TRUE,FALSE
South Sudan,Millenium Challenge Corporation,FALSE,2,FALSE,FALSE,FALSE,FALSE,FALSE,FALSE
South Sudan,The Peace Corps,FALSE,2,FALSE,FALSE,FALSE,FALSE,FALSE,FALSE
South Sudan,U.S. Department of Agriculture,FALSE,2,FALSE,FALSE,FALSE,FALSE,FALSE,FALSE
South Sudan,U.S. Department of Labor,FALSE,2,FALSE,FALSE,FALSE,FALSE,FALSE,FALSE
South Sudan,U.S. Department of State,TRUE,2,TRUE,TRUE,TRUE,TRUE,FALSE,FALSE
South Sudan,USAID,TRUE,2,FALSE,FALSE,FALSE,TRUE,FALSE,FALSE
Spain,Millenium Challenge Corporation,FALSE,0,FALSE,FALSE,FALSE,FALSE,FALSE,FALSE
Spain,The Peace Corps,FALSE,0,FALSE,FALSE,FALSE,FALSE,FALSE,FALSE
Spain,U.S. Department of Agriculture,FALSE,0,FALSE,FALSE,FALSE,FALSE,FALSE,FALSE
Spain,U.S. Department of Labor,FALSE,0,FALSE,FALSE,FALSE,FALSE,FALSE,FALSE
Spain,U.S. Department of State,FALSE,0,FALSE,FALSE,FALSE,FALSE,FALSE,FALSE
Spain,USAID,FALSE,0,FALSE,FALSE,FALSE,FALSE,FALSE,FALSE
Sri Lanka,Millenium Challenge Corporation,FALSE,2,FALSE,FALSE,FALSE,FALSE,FALSE,FALSE
Sri Lanka,The Peace Corps,FALSE,2,FALSE,FALSE,FALSE,FALSE,FALSE,FALSE
Sri Lanka,U.S. Department of Agriculture,TRUE,2,TRUE,TRUE,FALSE,FALSE,FALSE,FALSE
Sri Lanka,U.S. Department of Labor,FALSE,2,FALSE,FALSE,FALSE,FALSE,FALSE,FALSE
Sri Lanka,U.S. Department of State,FALSE,2,FALSE,FALSE,FALSE,FALSE,FALSE,FALSE
Sri Lanka,USAID,TRUE,2,TRUE,FALSE,FALSE,TRUE,TRUE,FALSE
Sudan,Millenium Challenge Corporation,FALSE,1,FALSE,FALSE,FALSE,FALSE,FALSE,FALSE
Sudan,The Peace Corps,FALSE,1,FALSE,FALSE,FALSE,FALSE,FALSE,FALSE
Sudan,U.S. Department of Agriculture,FALSE,1,FALSE,FALSE,FALSE,FALSE,FALSE,FALSE
Sudan,U.S. Department of Labor,FALSE,1,FALSE,FALSE,FALSE,FALSE,FALSE,FALSE
Sudan,U.S. Department of State,TRUE,1,FALSE,FALSE,FALSE,FALSE,FALSE,TRUE
Sudan,USAID,FALSE,1,FALSE,FALSE,FALSE,FALSE,FALSE,FALSE
Suriname,Millenium Challenge Corporation,FALSE,0,FALSE,FALSE,FALSE,FALSE,FALSE,FALSE
Suriname,The Peace Corps,FALSE,0,FALSE,FALSE,FALSE,FALSE,FALSE,FALSE
Suriname,U.S. Department of Agriculture,FALSE,0,FALSE,FALSE,FALSE,FALSE,FALSE,FALSE
Suriname,U.S. Department of Labor,FALSE,0,FALSE,FALSE,FALSE,FALSE,FALSE,FALSE
Suriname,U.S. Department of State,FALSE,0,FALSE,FALSE,FALSE,FALSE,FALSE,FALSE
Suriname,USAID,FALSE,0,FALSE,FALSE,FALSE,FALSE,FALSE,FALSE
Sweden,Millenium Challenge Corporation,FALSE,0,FALSE,FALSE,FALSE,FALSE,FALSE,FALSE
Sweden,The Peace Corps,FALSE,0,FALSE,FALSE,FALSE,FALSE,FALSE,FALSE
Sweden,U.S. Department of Agriculture,FALSE,0,FALSE,FALSE,FALSE,FALSE,FALSE,FALSE
Sweden,U.S. Department of Labor,FALSE,0,FALSE,FALSE,FALSE,FALSE,FALSE,FALSE
Sweden,U.S. Department of State,FALSE,0,FALSE,FALSE,FALSE,FALSE,FALSE,FALSE
Sweden,USAID,FALSE,0,FALSE,FALSE,FALSE,FALSE,FALSE,FALSE
Switzerland,Millenium Challenge Corporation,FALSE,0,FALSE,FALSE,FALSE,FALSE,FALSE,FALSE
Switzerland,The Peace Corps,FALSE,0,FALSE,FALSE,FALSE,FALSE,FALSE,FALSE
Switzerland,U.S. Department of Agriculture,FALSE,0,FALSE,FALSE,FALSE,FALSE,FALSE,FALSE
Switzerland,U.S. Department of Labor,FALSE,0,FALSE,FALSE,FALSE,FALSE,FALSE,FALSE
Switzerland,U.S. Department of State,FALSE,0,FALSE,FALSE,FALSE,FALSE,FALSE,FALSE
Switzerland,USAID,FALSE,0,FALSE,FALSE,FALSE,FALSE,FALSE,FALSE
Syria,Millenium Challenge Corporation,FALSE,0,FALSE,FALSE,FALSE,FALSE,FALSE,FALSE
Syria,The Peace Corps,FALSE,0,FALSE,FALSE,FALSE,FALSE,FALSE,FALSE
Syria,U.S. Department of Agriculture,FALSE,0,FALSE,FALSE,FALSE,FALSE,FALSE,FALSE
Syria,U.S. Department of Labor,FALSE,0,FALSE,FALSE,FALSE,FALSE,FALSE,FALSE
Syria,U.S. Department of State,FALSE,0,FALSE,FALSE,FALSE,FALSE,FALSE,FALSE
Syria,USAID,FALSE,0,FALSE,FALSE,FALSE,FALSE,FALSE,FALSE
Tajikistan,Millenium Challenge Corporation,FALSE,2,FALSE,FALSE,FALSE,FALSE,FALSE,FALSE
Tajikistan,The Peace Corps,FALSE,2,FALSE,FALSE,FALSE,FALSE,FALSE,FALSE
Tajikistan,U.S. Department of Agriculture,FALSE,2,FALSE,FALSE,FALSE,FALSE,FALSE,FALSE
Tajikistan,U.S. Department of Labor,FALSE,2,FALSE,FALSE,FALSE,FALSE,FALSE,FALSE
Tajikistan,U.S. Department of State,TRUE,2,FALSE,FALSE,TRUE,FALSE,FALSE,FALSE
Tajikistan,USAID,TRUE,2,TRUE,TRUE,FALSE,TRUE,TRUE,FALSE
Tanzania,Millenium Challenge Corporation,FALSE,4,FALSE,FALSE,FALSE,FALSE,FALSE,FALSE
Tanzania,The Peace Corps,TRUE,4,FALSE,FALSE,TRUE,FALSE,TRUE,FALSE
Tanzania,U.S. Department of Agriculture,TRUE,4,TRUE,TRUE,FALSE,FALSE,FALSE,FALSE
Tanzania,U.S. Department of Labor,FALSE,4,FALSE,FALSE,FALSE,FALSE,FALSE,FALSE
Tanzania,U.S. Department of State,TRUE,4,TRUE,TRUE,TRUE,TRUE,TRUE,FALSE
Tanzania,USAID,TRUE,4,TRUE,TRUE,FALSE,TRUE,TRUE,FALSE
Thailand,Millenium Challenge Corporation,FALSE,1,FALSE,FALSE,FALSE,FALSE,FALSE,FALSE
Thailand,The Peace Corps,TRUE,1,FALSE,TRUE,TRUE,TRUE,TRUE,FALSE
Thailand,U.S. Department of Agriculture,FALSE,1,FALSE,FALSE,FALSE,FALSE,FALSE,FALSE
Thailand,U.S. Department of Labor,FALSE,1,FALSE,FALSE,FALSE,FALSE,FALSE,FALSE
Thailand,U.S. Department of State,FALSE,1,FALSE,FALSE,FALSE,FALSE,FALSE,FALSE
Thailand,USAID,FALSE,1,FALSE,FALSE,FALSE,FALSE,FALSE,FALSE
Timor-Leste,Millenium Challenge Corporation,TRUE,3,FALSE,FALSE,TRUE,FALSE,TRUE,FALSE
Timor-Leste,The Peace Corps,TRUE,3,FALSE,FALSE,TRUE,TRUE,TRUE,FALSE
Timor-Leste,U.S. Department of Agriculture,TRUE,3,TRUE,TRUE,FALSE,FALSE,FALSE,FALSE
Timor-Leste,U.S. Department of Labor,FALSE,3,FALSE,FALSE,FALSE,FALSE,FALSE,FALSE
Timor-Leste,U.S. Department of State,FALSE,3,FALSE,FALSE,FALSE,FALSE,FALSE,FALSE
Timor-Leste,USAID,FALSE,3,FALSE,FALSE,FALSE,FALSE,FALSE,FALSE
Togo,Millenium Challenge Corporation,FALSE,2,FALSE,FALSE,FALSE,FALSE,FALSE,FALSE
Togo,The Peace Corps,TRUE,2,FALSE,TRUE,TRUE,TRUE,TRUE,FALSE
Togo,U.S. Department of Agriculture,TRUE,2,TRUE,TRUE,FALSE,FALSE,FALSE,FALSE
Togo,U.S. Department of Labor,FALSE,2,FALSE,FALSE,FALSE,FALSE,FALSE,FALSE
Togo,U.S. Department of State,FALSE,2,FALSE,FALSE,FALSE,FALSE,FALSE,FALSE
Togo,USAID,FALSE,2,FALSE,FALSE,FALSE,FALSE,FALSE,FALSE
Tonga,Millenium Challenge Corporation,FALSE,1,FALSE,FALSE,FALSE,FALSE,FALSE,FALSE
Tonga,The Peace Corps,TRUE,1,FALSE,TRUE,TRUE,TRUE,TRUE,FALSE
Tonga,U.S. Department of Agriculture,FALSE,1,FALSE,FALSE,FALSE,FALSE,FALSE,FALSE
Tonga,U.S. Department of Labor,FALSE,1,FALSE,FALSE,FALSE,FALSE,FALSE,FALSE
Tonga,U.S. Department of State,FALSE,1,FALSE,FALSE,FALSE,FALSE,FALSE,FALSE
Tonga,USAID,FALSE,1,FALSE,FALSE,FALSE,FALSE,FALSE,FALSE
Trinidad and Tobago,Millenium Challenge Corporation,FALSE,0,FALSE,FALSE,FALSE,FALSE,FALSE,FALSE
Trinidad and Tobago,The Peace Corps,FALSE,0,FALSE,FALSE,FALSE,FALSE,FALSE,FALSE
Trinidad and Tobago,U.S. Department of Agriculture,FALSE,0,FALSE,FALSE,FALSE,FALSE,FALSE,FALSE
Trinidad and Tobago,U.S. Department of Labor,FALSE,0,FALSE,FALSE,FALSE,FALSE,FALSE,FALSE
Trinidad and Tobago,U.S. Department of State,FALSE,0,FALSE,FALSE,FALSE,FALSE,FALSE,FALSE
Trinidad and Tobago,USAID,FALSE,0,FALSE,FALSE,FALSE,FALSE,FALSE,FALSE
Tunisia,Millenium Challenge Corporation,FALSE,0,FALSE,FALSE,FALSE,FALSE,FALSE,FALSE
Tunisia,The Peace Corps,FALSE,0,FALSE,FALSE,FALSE,FALSE,FALSE,FALSE
Tunisia,U.S. Department of Agriculture,FALSE,0,FALSE,FALSE,FALSE,FALSE,FALSE,FALSE
Tunisia,U.S. Department of Labor,FALSE,0,FALSE,FALSE,FALSE,FALSE,FALSE,FALSE
Tunisia,U.S. Department of State,FALSE,0,FALSE,FALSE,FALSE,FALSE,FALSE,FALSE
Tunisia,USAID,FALSE,0,FALSE,FALSE,FALSE,FALSE,FALSE,FALSE
Turkey,Millenium Challenge Corporation,FALSE,1,FALSE,FALSE,FALSE,FALSE,FALSE,FALSE
Turkey,The Peace Corps,FALSE,1,FALSE,FALSE,FALSE,FALSE,FALSE,FALSE
Turkey,U.S. Department of Agriculture,FALSE,1,FALSE,FALSE,FALSE,FALSE,FALSE,FALSE
Turkey,U.S. Department of Labor,FALSE,1,FALSE,FALSE,FALSE,FALSE,FALSE,FALSE
Turkey,U.S. Department of State,TRUE,1,FALSE,FALSE,FALSE,FALSE,FALSE,TRUE
Turkey,USAID,FALSE,1,FALSE,FALSE,FALSE,FALSE,FALSE,FALSE
Turkmenistan,Millenium Challenge Corporation,FALSE,0,FALSE,FALSE,FALSE,FALSE,FALSE,FALSE
Turkmenistan,The Peace Corps,FALSE,0,FALSE,FALSE,FALSE,FALSE,FALSE,FALSE
Turkmenistan,U.S. Department of Agriculture,FALSE,0,FALSE,FALSE,FALSE,FALSE,FALSE,FALSE
Turkmenistan,U.S. Department of Labor,FALSE,0,FALSE,FALSE,FALSE,FALSE,FALSE,FALSE
Turkmenistan,U.S. Department of State,FALSE,0,FALSE,FALSE,FALSE,FALSE,FALSE,FALSE
Turkmenistan,USAID,FALSE,0,FALSE,FALSE,FALSE,FALSE,FALSE,FALSE
Tuvalu,Millenium Challenge Corporation,FALSE,0,FALSE,FALSE,FALSE,FALSE,FALSE,FALSE
Tuvalu,The Peace Corps,FALSE,0,FALSE,FALSE,FALSE,FALSE,FALSE,FALSE
Tuvalu,U.S. Department of Agriculture,FALSE,0,FALSE,FALSE,FALSE,FALSE,FALSE,FALSE
Tuvalu,U.S. Department of Labor,FALSE,0,FALSE,FALSE,FALSE,FALSE,FALSE,FALSE
Tuvalu,U.S. Department of State,FALSE,0,FALSE,FALSE,FALSE,FALSE,FALSE,FALSE
Tuvalu,USAID,FALSE,0,FALSE,FALSE,FALSE,FALSE,FALSE,FALSE
Uganda,Millenium Challenge Corporation,FALSE,3,FALSE,FALSE,FALSE,FALSE,FALSE,FALSE
Uganda,The Peace Corps,TRUE,3,FALSE,TRUE,FALSE,FALSE,TRUE,FALSE
Uganda,U.S. Department of Agriculture,FALSE,3,FALSE,FALSE,FALSE,FALSE,FALSE,FALSE
Uganda,U.S. Department of Labor,FALSE,3,FALSE,FALSE,FALSE,FALSE,FALSE,FALSE
Uganda,U.S. Department of State,TRUE,3,TRUE,TRUE,TRUE,TRUE,TRUE,FALSE
Uganda,USAID,TRUE,3,FALSE,TRUE,TRUE,TRUE,TRUE,FALSE
Ukraine,Millenium Challenge Corporation,FALSE,1,FALSE,FALSE,FALSE,FALSE,FALSE,FALSE
Ukraine,The Peace Corps,FALSE,1,FALSE,FALSE,FALSE,FALSE,FALSE,FALSE
Ukraine,U.S. Department of Agriculture,FALSE,1,FALSE,FALSE,FALSE,FALSE,FALSE,FALSE
Ukraine,U.S. Department of Labor,FALSE,1,FALSE,FALSE,FALSE,FALSE,FALSE,FALSE
Ukraine,U.S. Department of State,TRUE,1,TRUE,TRUE,TRUE,FALSE,FALSE,FALSE
Ukraine,USAID,FALSE,1,FALSE,FALSE,FALSE,FALSE,FALSE,FALSE
United Arab Emirates,Millenium Challenge Corporation,FALSE,0,FALSE,FALSE,FALSE,FALSE,FALSE,FALSE
United Arab Emirates,The Peace Corps,FALSE,0,FALSE,FALSE,FALSE,FALSE,FALSE,FALSE
United Arab Emirates,U.S. Department of Agriculture,FALSE,0,FALSE,FALSE,FALSE,FALSE,FALSE,FALSE
United Arab Emirates,U.S. Department of Labor,FALSE,0,FALSE,FALSE,FALSE,FALSE,FALSE,FALSE
United Arab Emirates,U.S. Department of State,FALSE,0,FALSE,FALSE,FALSE,FALSE,FALSE,FALSE
United Arab Emirates,USAID,FALSE,0,FALSE,FALSE,FALSE,FALSE,FALSE,FALSE
United Kingdom,Millenium Challenge Corporation,FALSE,0,FALSE,FALSE,FALSE,FALSE,FALSE,FALSE
United Kingdom,The Peace Corps,FALSE,0,FALSE,FALSE,FALSE,FALSE,FALSE,FALSE
United Kingdom,U.S. Department of Agriculture,FALSE,0,FALSE,FALSE,FALSE,FALSE,FALSE,FALSE
United Kingdom,U.S. Department of Labor,FALSE,0,FALSE,FALSE,FALSE,FALSE,FALSE,FALSE
United Kingdom,U.S. Department of State,FALSE,0,FALSE,FALSE,FALSE,FALSE,FALSE,FALSE
United Kingdom,USAID,FALSE,0,FALSE,FALSE,FALSE,FALSE,FALSE,FALSE
United States,Millenium Challenge Corporation,FALSE,0,FALSE,FALSE,FALSE,FALSE,FALSE,FALSE
United States,The Peace Corps,FALSE,0,FALSE,FALSE,FALSE,FALSE,FALSE,FALSE
United States,U.S. Department of Agriculture,FALSE,0,FALSE,FALSE,FALSE,FALSE,FALSE,FALSE
United States,U.S. Department of Labor,FALSE,0,FALSE,FALSE,FALSE,FALSE,FALSE,FALSE
United States,U.S. Department of State,FALSE,0,FALSE,FALSE,FALSE,FALSE,FALSE,FALSE
United States,USAID,FALSE,0,FALSE,FALSE,FALSE,FALSE,FALSE,FALSE
Uruguay,Millenium Challenge Corporation,FALSE,0,FALSE,FALSE,FALSE,FALSE,FALSE,FALSE
Uruguay,The Peace Corps,FALSE,0,FALSE,FALSE,FALSE,FALSE,FALSE,FALSE
Uruguay,U.S. Department of Agriculture,FALSE,0,FALSE,FALSE,FALSE,FALSE,FALSE,FALSE
Uruguay,U.S. Department of Labor,FALSE,0,FALSE,FALSE,FALSE,FALSE,FALSE,FALSE
Uruguay,U.S. Department of State,FALSE,0,FALSE,FALSE,FALSE,FALSE,FALSE,FALSE
Uruguay,USAID,FALSE,0,FALSE,FALSE,FALSE,FALSE,FALSE,FALSE
Uzbekistan,Millenium Challenge Corporation,FALSE,2,FALSE,FALSE,FALSE,FALSE,FALSE,FALSE
Uzbekistan,The Peace Corps,FALSE,2,FALSE,FALSE,FALSE,FALSE,FALSE,FALSE
Uzbekistan,U.S. Department of Agriculture,TRUE,2,TRUE,FALSE,FALSE,FALSE,FALSE,FALSE
Uzbekistan,U.S. Department of Labor,FALSE,2,FALSE,FALSE,FALSE,FALSE,FALSE,FALSE
Uzbekistan,U.S. Department of State,FALSE,2,FALSE,FALSE,FALSE,FALSE,FALSE,FALSE
Uzbekistan,USAID,TRUE,2,TRUE,TRUE,FALSE,TRUE,FALSE,FALSE
Vanuatu,Millenium Challenge Corporation,FALSE,1,FALSE,FALSE,FALSE,FALSE,FALSE,FALSE
Vanuatu,The Peace Corps,TRUE,1,FALSE,TRUE,FALSE,FALSE,TRUE,FALSE
Vanuatu,U.S. Department of Agriculture,FALSE,1,FALSE,FALSE,FALSE,FALSE,FALSE,FALSE
Vanuatu,U.S. Department of Labor,FALSE,1,FALSE,FALSE,FALSE,FALSE,FALSE,FALSE
Vanuatu,U.S. Department of State,FALSE,1,FALSE,FALSE,FALSE,FALSE,FALSE,FALSE
Vanuatu,USAID,FALSE,1,FALSE,FALSE,FALSE,FALSE,FALSE,FALSE
Venezuela,Millenium Challenge Corporation,FALSE,0,FALSE,FALSE,FALSE,FALSE,FALSE,FALSE
Venezuela,The Peace Corps,FALSE,0,FALSE,FALSE,FALSE,FALSE,FALSE,FALSE
Venezuela,U.S. Department of Agriculture,FALSE,0,FALSE,FALSE,FALSE,FALSE,FALSE,FALSE
Venezuela,U.S. Department of Labor,FALSE,0,FALSE,FALSE,FALSE,FALSE,FALSE,FALSE
Venezuela,U.S. Department of State,FALSE,0,FALSE,FALSE,FALSE,FALSE,FALSE,FALSE
Venezuela,USAID,FALSE,0,FALSE,FALSE,FALSE,FALSE,FALSE,FALSE
Vietnam,Millenium Challenge Corporation,FALSE,1,FALSE,FALSE,FALSE,FALSE,FALSE,FALSE
Vietnam,The Peace Corps,TRUE,1,FALSE,FALSE,TRUE,FALSE,TRUE,FALSE
Vietnam,U.S. Department of Agriculture,FALSE,1,FALSE,FALSE,FALSE,FALSE,FALSE,FALSE
Vietnam,U.S. Department of Labor,FALSE,1,FALSE,FALSE,FALSE,FALSE,FALSE,FALSE
Vietnam,U.S. Department of State,FALSE,1,FALSE,FALSE,FALSE,FALSE,FALSE,FALSE
Vietnam,USAID,FALSE,1,FALSE,FALSE,FALSE,FALSE,FALSE,FALSE
West Bank and Gaza,Department of Agriculture,FALSE,1,FALSE,FALSE,FALSE,FALSE,FALSE,FALSE
West Bank and Gaza,Department of State,FALSE,1,FALSE,FALSE,FALSE,FALSE,FALSE,FALSE
West Bank and Gaza,Millenium Challenge Corporation,FALSE,1,FALSE,FALSE,FALSE,FALSE,FALSE,FALSE
West Bank and Gaza,Peace Corps,FALSE,1,FALSE,FALSE,FALSE,FALSE,FALSE,FALSE
West Bank and Gaza,U.S. Agency for International Development,TRUE,1,FALSE,FALSE,FALSE,FALSE,FALSE,TRUE
West Bank and Gaza,U.S. Department of Labor,FALSE,1,TRUE,TRUE,TRUE,FALSE,TRUE,FALSE
Yemen,Millenium Challenge Corporation,FALSE,1,FALSE,FALSE,FALSE,FALSE,FALSE,FALSE
Yemen,The Peace Corps,FALSE,1,FALSE,FALSE,FALSE,FALSE,FALSE,FALSE
Yemen,U.S. Department of Agriculture,FALSE,1,FALSE,FALSE,FALSE,FALSE,FALSE,FALSE
Yemen,U.S. Department of Labor,FALSE,1,FALSE,FALSE,FALSE,FALSE,FALSE,FALSE
Yemen,U.S. Department of State,FALSE,1,FALSE,FALSE,FALSE,FALSE,FALSE,FALSE
Yemen,USAID,TRUE,1,TRUE,TRUE,FALSE,FALSE,FALSE,FALSE
Zambia,Millenium Challenge Corporation,FALSE,2,FALSE,FALSE,FALSE,FALSE,FALSE,FALSE
Zambia,The Peace Corps,FALSE,2,FALSE,FALSE,FALSE,FALSE,FALSE,FALSE
Zambia,U.S. Department of Agriculture,FALSE,2,FALSE,FALSE,FALSE,FALSE,FALSE,FALSE
Zambia,U.S. Department of Labor,FALSE,2,FALSE,FALSE,FALSE,FALSE,FALSE,FALSE
Zambia,U.S. Department of State,TRUE,2,TRUE,TRUE,TRUE,TRUE,FALSE,FALSE
Zambia,USAID,TRUE,2,FALSE,TRUE,FALSE,FALSE,TRUE,FALSE
Zimbabwe,Millenium Challenge Corporation,FALSE,1,FALSE,FALSE,FALSE,FALSE,FALSE,FALSE
Zimbabwe,The Peace Corps,FALSE,1,FALSE,FALSE,FALSE,FALSE,FALSE,FALSE
Zimbabwe,U.S. Department of Agriculture,FALSE,1,FALSE,FALSE,FALSE,FALSE,FALSE,FALSE
Zimbabwe,U.S. Department of Labor,FALSE,1,FALSE,FALSE,FALSE,FALSE,FALSE,FALSE
Zimbabwe,U.S. Department of State,TRUE,1,TRUE,TRUE,TRUE,TRUE,TRUE,FALSE
Zimbabwe,USAID,FALSE,1,FALSE,FALSE,FALSE,FALSE,FALSE,FALSE