Country,Agency,Disbursement - FY23,Disbursement - FY22,Disbursement - FY21,Disbursement - FY20,Disbursement - FY19
Afghanistan,U.S. Department of State,$ -,"$34,294.00",$ -,$ -,$ -
Afghanistan,Millenium Challenge Corporation,$ -,$ -,$ -,$ -,$ -
Afghanistan,The Peace Corps,$ -,$ -,$ -,$ -,$ -
Afghanistan,USAID,"$20,914,931.00","$52,925,797.00","$30,611,496.00","$104,189,357.00","$77,290,619.00"
Afghanistan,U.S. Department of Agriculture,$ -,$ -,$ -,$ -,$ -
Albania,U.S. Department of State,$ -,"$160,000.00","$190,000.00",$ -,$ -
Albania,Millenium Challenge Corporation,$ -,$ -,$ -,$ -,$ -
Albania,The Peace Corps,"$1,285,661.00","$998,520.00","$752,220.00","$1,370,279.00","$1,310,081.00"
Albania,USAID,"$20,438.00",$ -,$ -,"-$38,675.00","$42,953.00"
Albania,U.S. Department of Agriculture,$ -,$ -,$ -,$ -,$ -
Algeria,U.S. Department of State,$ -,$ -,$ -,$ -,$ -
Algeria,Millenium Challenge Corporation,$ -,$ -,$ -,$ -,$ -
Algeria,The Peace Corps,$ -,$ -,$ -,$ -,$ -
Algeria,USAID,$ -,$ -,$ -,$ -,$ -
Algeria,U.S. Department of Agriculture,$ -,$ -,$ -,$ -,$ -
Andorra,U.S. Department of State,$ -,$ -,$ -,$ -,$ -
Andorra,Millenium Challenge Corporation,$ -,$ -,$ -,$ -,$ -
Andorra,The Peace Corps,$ -,$ -,$ -,$ -,$ -
Andorra,USAID,$ -,$ -,$ -,$ -,$ -
Andorra,U.S. Department of Agriculture,$ -,$ -,$ -,$ -,$ -
Angola,U.S. Department of State,$ -,$ -,$ -,$ -,$ -
Angola,Millenium Challenge Corporation,$ -,$ -,$ -,$ -,$ -
Angola,The Peace Corps,$ -,$ -,$ -,$ -,$ -
Angola,USAID,$ -,$ -,$ -,$ -,$ -
Angola,U.S. Department of Agriculture,$ -,$ -,$ -,$ -,$ -
Antigua and Barbuda,U.S. Department of State,$ -,$ -,$ -,$ -,$ -
Antigua and Barbuda,Millenium Challenge Corporation,$ -,$ -,$ -,$ -,$ -
Antigua and Barbuda,The Peace Corps,$ -,$ -,$ -,$ -,$ -
Antigua and Barbuda,USAID,$ -,$ -,$ -,$ -,$ -
Antigua and Barbuda,U.S. Department of Agriculture,$ -,$ -,$ -,$ -,$ -
Argentina,U.S. Department of State,$ -,$ -,$ -,$ -,$ -
Argentina,Millenium Challenge Corporation,$ -,$ -,$ -,$ -,$ -
Argentina,The Peace Corps,$ -,$ -,$ -,$ -,$ -
Argentina,USAID,$ -,$ -,$ -,$ -,$ -
Argentina,U.S. Department of Agriculture,$ -,$ -,$ -,$ -,$ -
Armenia,U.S. Department of State,$ -,"$225,981.00","$93,988.00",$ -,$ -
Armenia,Millenium Challenge Corporation,$ -,$ -,$ -,$ -,$ -
Armenia,The Peace Corps,"$1,420,044.00","$1,670,800.00","$1,236,297.00","$1,831,752.00","$2,003,659.00"
Armenia,USAID,"$469,795.00",$ -,$1.00,"$45,609.00","$1,238,601.00"
Armenia,U.S. Department of Agriculture,$ -,$ -,$ -,$ -,$ -
Australia,U.S. Department of State,$ -,$ -,$ -,$ -,$ -
Australia,Millenium Challenge Corporation,$ -,$ -,$ -,$ -,$ -
Australia,The Peace Corps,$ -,$ -,$ -,$ -,$ -
Australia,USAID,$ -,$ -,$ -,$ -,$ -
Australia,U.S. Department of Agriculture,$ -,$ -,$ -,$ -,$ -
Austria,U.S. Department of State,$ -,$ -,$ -,$ -,$ -
Austria,Millenium Challenge Corporation,$ -,$ -,$ -,$ -,$ -
Austria,The Peace Corps,$ -,$ -,$ -,$ -,$ -
Austria,USAID,$ -,$ -,$ -,$ -,$ -
Austria,U.S. Department of Agriculture,$ -,$ -,$ -,$ -,$ -
Azerbaijan,U.S. Department of State,"$108,535.00","$132,944.00",$ -,$ -,$ -
Azerbaijan,Millenium Challenge Corporation,$ -,$ -,$ -,$ -,$ -
Azerbaijan,The Peace Corps,$ -,$ -,$ -,$ -,$ -
Azerbaijan,USAID,$ -,"$1,230,108.00","$485,397.00","$391,854.00","$426,354.00"
Azerbaijan,U.S. Department of Agriculture,$ -,$ -,$ -,$ -,$ -
"Bahamas, The",U.S. Department of State,$ -,$ -,$ -,$ -,$ -
"Bahamas, The",Millenium Challenge Corporation,$ -,$ -,$ -,$ -,$ -
"Bahamas, The",The Peace Corps,$ -,$ -,$ -,$ -,$ -
"Bahamas, The",USAID,$ -,$ -,$ -,$ -,$ -
"Bahamas, The",U.S. Department of Agriculture,$ -,$ -,$ -,$ -,$ -
Bahrain,U.S. Department of State,$ -,$ -,$ -,$ -,$ -
Bahrain,Millenium Challenge Corporation,$ -,$ -,$ -,$ -,$ -
Bahrain,The Peace Corps,$ -,$ -,$ -,$ -,$ -
Bahrain,USAID,$ -,$ -,$ -,$ -,$ -
Bahrain,U.S. Department of Agriculture,$ -,$ -,$ -,$ -,$ -
Bangladesh,U.S. Department of State,$ -,$ -,$ -,$ -,$ -
Bangladesh,Millenium Challenge Corporation,$ -,$ -,$ -,$ -,$ -
Bangladesh,The Peace Corps,$ -,$ -,$ -,$ -,$ -
Bangladesh,USAID,"$11,052,671.00","$3,691,214.00","$1,336,229.00","-$2,080,527.00","$4,562,006.00"
Bangladesh,U.S. Department of Agriculture,"$4,686,142.00","$4,416,988.00","$7,480,443.00","$13,488,441.00","$726,205.00"
Barbados,U.S. Department of State,$ -,$ -,$ -,$ -,$ -
Barbados,Millenium Challenge Corporation,$ -,$ -,$ -,$ -,$ -
Barbados,The Peace Corps,$ -,$ -,$ -,$ -,$ -
Barbados,USAID,$ -,$ -,$ -,$ -,$ -
Barbados,U.S. Department of Agriculture,$ -,$ -,$ -,$ -,$ -
Belarus,U.S. Department of State,$ -,"-$15,360.00","-$41,000.00",$ -,$ -
Belarus,Millenium Challenge Corporation,$ -,$ -,$ -,$ -,$ -
Belarus,The Peace Corps,$ -,$ -,$ -,$ -,$ -
Belarus,USAID,$ -,$ -,$ -,$ -,$ -
Belarus,U.S. Department of Agriculture,$ -,$ -,$ -,$ -,$ -
Belgium,U.S. Department of State,$ -,$ -,$ -,$ -,$ -
Belgium,Millenium Challenge Corporation,$ -,$ -,$ -,$ -,$ -
Belgium,The Peace Corps,$ -,$ -,$ -,$ -,$ -
Belgium,USAID,$ -,$ -,$ -,$ -,$ -
Belgium,U.S. Department of Agriculture,$ -,$ -,$ -,$ -,$ -
Belize,U.S. Department of State,"$101,139.00","$128,157.00",$ -,$ -,$ -
Belize,Millenium Challenge Corporation,$ -,$ -,$ -,$ -,$ -
Belize,The Peace Corps,"$313,263.00","$225,471.00","$188,735.00","$216,317.00","$51,755.00"
Belize,USAID,$ -,$ -,$ -,$ -,$ -
Belize,U.S. Department of Agriculture,$ -,$ -,$ -,$ -,$ -
Benin,U.S. Department of State,"$9,650.00",$ -,"$7,350.00",$ -,$ -
Benin,Millenium Challenge Corporation,$ -,$ -,$ -,$ -,$ -
Benin,The Peace Corps,"$1,516,256.00","$1,598,642.00","$1,272,545.00","$1,759,771.00","$2,042,791.00"
Benin,USAID,$ -,$ -,"$246,546.00","$804,304.00","$591,478.00"
Benin,U.S. Department of Agriculture,"$4,828,691.00","$5,656,642.00","$5,848,060.00","$3,349,797.00","$3,077,204.00"
Bhutan,U.S. Department of State,$ -,$ -,"$254,687.00",$ -,$ -
Bhutan,Millenium Challenge Corporation,$ -,$ -,$ -,$ -,$ -
Bhutan,The Peace Corps,$ -,$ -,$ -,$ -,$ -
Bhutan,USAID,$ -,$ -,$ -,$ -,$ -
Bhutan,U.S. Department of Agriculture,$ -,$ -,$ -,$ -,$ -
Bolivia,U.S. Department of State,$ -,$ -,$ -,$ -,$ -
Bolivia,Millenium Challenge Corporation,$ -,$ -,$ -,$ -,$ -
Bolivia,The Peace Corps,$ -,$ -,$ -,$ -,$ -
Bolivia,USAID,$ -,"$30,187.00",$ -,"$25,686.00","$6,847.00"
Bolivia,U.S. Department of Agriculture,$ -,$ -,$ -,$ -,$ -
Bosnia and Herzegovina,U.S. Department of State,"$30,000.00","$120,000.00","$142,604.00",$ -,$ -
Bosnia and Herzegovina,Millenium Challenge Corporation,$ -,$ -,$ -,$ -,$ -
Bosnia and Herzegovina,The Peace Corps,$ -,$ -,$ -,$ -,$ -
Bosnia and Herzegovina,USAID,"$561,673.00","$3,494,438.00","$3,348,724.00","$770,731.00","$168,021.00"
Bosnia and Herzegovina,U.S. Department of Agriculture,$ -,$ -,$ -,$ -,$ -
Botswana,U.S. Department of State,"$9,300.00",$ -,$ -,$ -,$ -
Botswana,Millenium Challenge Corporation,$ -,$ -,$ -,$ -,$ -
Botswana,The Peace Corps,"$853,531.00","$600,201.00","$422,000.00","$717,756.00","$831,233.00"
Botswana,USAID,$ -,$ -,$ -,$ -,$ -
Botswana,U.S. Department of Agriculture,$ -,$ -,$ -,$ -,$ -
Brazil,U.S. Department of State,$ -,$ -,$ -,$ -,$ -
Brazil,Millenium Challenge Corporation,$ -,$ -,$ -,$ -,$ -
Brazil,The Peace Corps,$ -,$ -,$ -,$ -,$ -
Brazil,USAID,$ -,$ -,$ -,$ -,$ -
Brazil,U.S. Department of Agriculture,$ -,$ -,$ -,$ -,$ -
Brunei,U.S. Department of State,$ -,$ -,$ -,$ -,$ -
Brunei,Millenium Challenge Corporation,$ -,$ -,$ -,$ -,$ -
Brunei,The Peace Corps,$ -,$ -,$ -,$ -,$ -
Brunei,USAID,$ -,$ -,$ -,$ -,$ -
Brunei,U.S. Department of Agriculture,$ -,$ -,$ -,$ -,$ -
Bulgaria,U.S. Department of State,$ -,$ -,$ -,$ -,$ -
Bulgaria,Millenium Challenge Corporation,$ -,$ -,$ -,$ -,$ -
Bulgaria,The Peace Corps,$ -,$ -,$ -,$ -,$ -
Bulgaria,USAID,$ -,$ -,$ -,$ -,$ -
Bulgaria,U.S. Department of Agriculture,$ -,$ -,$ -,$ -,$ -
Burkina Faso,U.S. Department of State,$ -,$ -,$ -,$ -,$ -
Burkina Faso,Millenium Challenge Corporation,$ -,$ -,$ -,$ -,$ -
Burkina Faso,The Peace Corps,$ -,$ -,$ -,$ -,$ -
Burkina Faso,USAID,"$816,977.00","$20,750,000.00",$ -,"$2,295,741.00",$ -
Burkina Faso,U.S. Department of Agriculture,"$8,315,308.00","$11,546,353.00","$6,064,608.00","$5,908,952.00","$1,228,423.00"
Burma,U.S. Department of State,$ -,$ -,$ -,$ -,$ -
Burma,Millenium Challenge Corporation,$ -,$ -,$ -,$ -,$ -
Burma,The Peace Corps,"$132,138.00","$965,253.00","$950,458.00","$1,784,721.00","$1,542,904.00"
Burma,USAID,"$9,520,493.00","$10,725,202.00","$760,974.00","$2,114,181.00","$1,663,553.00"
Burma,U.S. Department of Agriculture,$ -,$ -,$ -,$ -,$ -
Burundi,U.S. Department of State,$2.00,"$6,050.00",$ -,$ -,$ -
Burundi,Millenium Challenge Corporation,$ -,$ -,$ -,$ -,$ -
Burundi,The Peace Corps,$ -,$ -,$ -,$ -,$ -
Burundi,USAID,$ -,$ -,$ -,$ -,$ -
Burundi,U.S. Department of Agriculture,"$1,126,858.00",$ -,$ -,$ -,$ -
Cabo Verde,U.S. Department of State,$ -,$ -,"$14,100.00",$ -,$ -
Cabo Verde,Millenium Challenge Corporation,$ -,$ -,$ -,$ -,$ -
Cabo Verde,The Peace Corps,$ -,$ -,$ -,$ -,$ -
Cabo Verde,USAID,$ -,$ -,$ -,$ -,$ -
Cabo Verde,U.S. Department of Agriculture,$ -,$ -,$ -,$ -,$ -
Cambodia,U.S. Department of State,$ -,$ -,$ -,$ -,$ -
Cambodia,Millenium Challenge Corporation,$ -,$ -,$ -,$ -,$ -
Cambodia,The Peace Corps,"$2,000,284.00","$1,388,489.00","$1,072,306.00","$1,232,714.00","$994,978.00"
Cambodia,USAID,"$6,870,104.00","$5,720,372.00","$6,908,339.00","$3,597,418.00","$4,489,883.00"
Cambodia,U.S. Department of Agriculture,"$8,541,071.00","$4,957,139.00","$6,150,670.00","$3,498,716.00","$941,597.00"
Cameroon,U.S. Department of State,$ -,"$34,000.00","$14,546.00","$37,904.00","$4,546.00"
Cameroon,Millenium Challenge Corporation,$ -,$ -,$ -,$ -,$ -
Cameroon,The Peace Corps,"$861,187.00","$1,093,766.00","$941,222.00","$1,266,660.00","$1,688,619.00"
Cameroon,USAID,$ -,$ -,$ -,$ -,$ -
Cameroon,U.S. Department of Agriculture,"$2,748,350.00","$5,207,814.00","$7,188,650.00","$5,958,750.00","$1,946,049.00"
Canada,U.S. Department of State,$ -,$ -,$ -,$ -,$ -
Canada,Millenium Challenge Corporation,$ -,$ -,$ -,$ -,$ -
Canada,The Peace Corps,$ -,$ -,$ -,$ -,$ -
Canada,USAID,$ -,$ -,$ -,$ -,$ -
Canada,U.S. Department of Agriculture,$ -,$ -,$ -,$ -,$ -
Central African Republic,U.S. Department of State,$ -,$ -,$ -,$ -,$ -
Central African Republic,Millenium Challenge Corporation,$ -,$ -,$ -,$ -,$ -
Central African Republic,The Peace Corps,$ -,$ -,$ -,$ -,$ -
Central African Republic,USAID,$ -,$ -,$ -,$ -,$ -
Central African Republic,U.S. Department of Agriculture,$ -,$ -,$ -,$ -,$ -
Chad,U.S. Department of State,$ -,"$8,870.00","$6,818.00",$ -,$ -
Chad,Millenium Challenge Corporation,$ -,$ -,$ -,$ -,$ -
Chad,The Peace Corps,$ -,$ -,$ -,$ -,$ -
Chad,USAID,$ -,$ -,$ -,$ -,$ -
Chad,U.S. Department of Agriculture,$ -,$ -,$ -,$ -,$ -
Chile,U.S. Department of State,$ -,$ -,$ -,$ -,$ -
Chile,Millenium Challenge Corporation,$ -,$ -,$ -,$ -,$ -
Chile,The Peace Corps,$ -,$ -,$ -,$ -,$ -
Chile,USAID,$ -,$ -,$ -,$ -,$ -
Chile,U.S. Department of Agriculture,$ -,$ -,$ -,$ -,$ -
China,U.S. Department of State,$ -,$ -,$ -,$ -,$ -
China,Millenium Challenge Corporation,$ -,$ -,$ -,$ -,$ -
China,The Peace Corps,$ -,"-$3,601.00","$818,049.00","$2,432,077.00","$3,152,168.00"
China,USAID,$ -,$ -,$ -,$ -,$ -
China,U.S. Department of Agriculture,$ -,$ -,$ -,$ -,$ -
Colombia,U.S. Department of State,"$388,748.00","$140,000.00","$360,000.00",$ -,$ -
Colombia,Millenium Challenge Corporation,$ -,$ -,$ -,$ -,$ -
Colombia,The Peace Corps,"$2,437,399.00","$1,804,356.00","$1,378,920.00","$2,302,427.00","$2,266,559.00"
Colombia,USAID,"$2,950,000.00",$ -,$ -,$ -,$ -
Colombia,U.S. Department of Agriculture,$ -,$ -,$ -,$ -,$ -
Comoros,U.S. Department of State,"$7,966.00",$ -,$ -,$ -,$ -
Comoros,Millenium Challenge Corporation,$ -,$ -,$ -,$ -,$ -
Comoros,The Peace Corps,"$884,770.00","$1,148,047.00","$861,083.00","$1,086,728.00","$1,430,304.00"
Comoros,USAID,$ -,$ -,$ -,$ -,$ -
Comoros,U.S. Department of Agriculture,$ -,$ -,$ -,$ -,$ -
Congo (Brazzaville),U.S. Department of State,$ -,"$2,495.00",$ -,$ -,$ -
Congo (Brazzaville),Millenium Challenge Corporation,$ -,$ -,$ -,$ -,$ -
Congo (Brazzaville),The Peace Corps,$ -,$ -,$ -,$ -,$ -
Congo (Brazzaville),USAID,$ -,$ -,$ -,$ -,$ -
Congo (Brazzaville),U.S. Department of Agriculture,"$5,260,215.00","$6,236,221.00","$5,818,538.00","$4,979,059.00","$629,921.00"
Congo (Kinshasa),U.S. Department of State,$ -,$ -,$ -,$ -,$ -
Congo (Kinshasa),Millenium Challenge Corporation,$ -,$ -,$ -,$ -,$ -
Congo (Kinshasa),The Peace Corps,$ -,$ -,$ -,$ -,$ -
Congo (Kinshasa),USAID,"$20,178,221.00","$21,036,864.00","$20,718,376.00","$31,560,282.00","$39,755,421.00"
Congo (Kinshasa),U.S. Department of Agriculture,$ -,$ -,$ -,$ -,$ -
Cook Islands,U.S. Department of State,$ -,$ -,$ -,$ -,$ -
Cook Islands,Millenium Challenge Corporation,$ -,$ -,$ -,$ -,$ -
Cook Islands,The Peace Corps,$ -,$ -,$ -,$ -,$ -
Cook Islands,USAID,$ -,$ -,$ -,$ -,$ -
Cook Islands,U.S. Department of Agriculture,$ -,$ -,$ -,$ -,$ -
Costa Rica,U.S. Department of State,$ -,$ -,$ -,$ -,$ -
Costa Rica,Millenium Challenge Corporation,$ -,$ -,$ -,$ -,$ -
Costa Rica,The Peace Corps,"$2,926,616.00","$2,116,342.00","$1,784,842.00","$2,692,987.00","$3,130,444.00"
Costa Rica,USAID,$ -,$ -,$ -,$ -,$ -
Costa Rica,U.S. Department of Agriculture,$ -,$ -,$ -,$ -,$ -
Côte d’Ivoire,U.S. Department of State,$ -,$260.00,"$16,249.00",$ -,$ -
Côte d’Ivoire,Millenium Challenge Corporation,$ -,$ -,$ -,$ -,$ -
Côte d’Ivoire,The Peace Corps,$ -,$ -,$ -,$ -,$ -
Côte d’Ivoire,USAID,$ -,$ -,$ -,$ -,$ -
Côte d’Ivoire,U.S. Department of Agriculture,"$4,315,046.00","$4,932,175.00","$6,821,247.00","$7,926,482.00","$539,601.00"
Croatia,U.S. Department of State,$ -,$ -,$ -,$ -,$ -
Croatia,Millenium Challenge Corporation,$ -,$ -,$ -,$ -,$ -
Croatia,The Peace Corps,$ -,$ -,$ -,$ -,$ -
Croatia,USAID,$ -,$ -,$ -,$ -,$ -
Croatia,U.S. Department of Agriculture,$ -,$ -,$ -,$ -,$ -
Cuba,U.S. Department of State,$ -,$ -,$ -,$ -,$ -
Cuba,Millenium Challenge Corporation,$ -,$ -,$ -,$ -,$ -
Cuba,The Peace Corps,$ -,$ -,$ -,$ -,$ -
Cuba,USAID,$ -,$ -,$ -,$ -,$ -
Cuba,U.S. Department of Agriculture,$ -,$ -,$ -,$ -,$ -
Cyprus,U.S. Department of State,$ -,$ -,$ -,$ -,$ -
Cyprus,Millenium Challenge Corporation,$ -,$ -,$ -,$ -,$ -
Cyprus,The Peace Corps,$ -,$ -,$ -,$ -,$ -
Cyprus,USAID,$ -,$ -,$ -,$ -,$ -
Cyprus,U.S. Department of Agriculture,$ -,$ -,$ -,$ -,$ -
Czechia,U.S. Department of State,$ -,"$204,000.00",$ -,$ -,$ -
Czechia,Millenium Challenge Corporation,$ -,$ -,$ -,$ -,$ -
Czechia,The Peace Corps,$ -,$ -,$ -,$ -,$ -
Czechia,USAID,$ -,$ -,$ -,$ -,$ -
Czechia,U.S. Department of Agriculture,$ -,$ -,$ -,$ -,$ -
Denmark,U.S. Department of State,$ -,$ -,$ -,$ -,$ -
Denmark,Millenium Challenge Corporation,$ -,$ -,$ -,$ -,$ -
Denmark,The Peace Corps,$ -,$ -,$ -,$ -,$ -
Denmark,USAID,$ -,$ -,$ -,$ -,$ -
Denmark,U.S. Department of Agriculture,$ -,$ -,$ -,$ -,$ -
Djibouti,U.S. Department of State,$ -,$ -,$ -,$ -,$ -
Djibouti,Millenium Challenge Corporation,$ -,$ -,$ -,$ -,$ -
Djibouti,The Peace Corps,$ -,$ -,$ -,$ -,$ -
Djibouti,USAID,"$2,071,445.00","$1,224,188.00","$6,881,356.00","$6,198,387.00","$4,683,498.00"
Djibouti,U.S. Department of Agriculture,$ -,$ -,$ -,$ -,$ -
Dominica,U.S. Department of State,$ -,$ -,$ -,$ -,$ -
Dominica,Millenium Challenge Corporation,$ -,$ -,$ -,$ -,$ -
Dominica,The Peace Corps,$ -,$ -,$ -,$ -,$ -
Dominica,USAID,$ -,$ -,$ -,$ -,$ -
Dominica,U.S. Department of Agriculture,$ -,$ -,$ -,$ -,$ -
Dominican Republic,U.S. Department of State,$ -,$ -,$ -,$ -,$ -
Dominican Republic,Millenium Challenge Corporation,$ -,$ -,$ -,$ -,$ -
Dominican Republic,The Peace Corps,"$3,262,455.00","$2,327,905.00","$1,907,896.00","$3,374,334.00","$3,394,432.00"
Dominican Republic,USAID,"$781,184.00","$4,363,937.00","$3,563,157.00","$5,516,798.00","$6,475,923.00"
Dominican Republic,U.S. Department of Agriculture,$ -,$ -,$ -,$ -,$ -
Ecuador,U.S. Department of State,$ -,$ -,$ -,$ -,$ -
Ecuador,Millenium Challenge Corporation,$ -,$ -,$ -,$ -,$ -
Ecuador,The Peace Corps,"$2,746,584.00","$2,026,498.00","$1,455,327.00","$2,659,946.00","$3,195,893.00"
Ecuador,USAID,$ -,$ -,$ -,$ -,$ -
Ecuador,U.S. Department of Agriculture,$ -,$ -,$ -,$ -,$ -
Egypt,U.S. Department of State,$ -,$ -,$ -,$ -,$ -
Egypt,Millenium Challenge Corporation,$ -,$ -,$ -,$ -,$ -
Egypt,The Peace Corps,$ -,$ -,$ -,$ -,$ -
Egypt,USAID,"$28,065,291.00","$19,133,531.00","$12,982,052.00","$14,061,590.00","$21,534,390.00"
Egypt,U.S. Department of Agriculture,$ -,$ -,$ -,$ -,$ -
El Salvador,U.S. Department of State,$ -,$ -,$ -,$ -,$ -
El Salvador,Millenium Challenge Corporation,$ -,$ -,$ -,$ -,$ -
El Salvador,The Peace Corps,$ -,$ -,$ -,$ -,$ -
El Salvador,USAID,"$14,038,750.00","$4,384,889.00","$1,998,130.00","$7,545,586.00","$10,810,345.00"
El Salvador,U.S. Department of Agriculture,$ -,$ -,$ -,$ -,$ -
Equatorial Guinea,U.S. Department of State,$ -,"$12,000.00",$ -,$ -,$ -
Equatorial Guinea,Millenium Challenge Corporation,$ -,$ -,$ -,$ -,$ -
Equatorial Guinea,The Peace Corps,$ -,$ -,$ -,$ -,$ -
Equatorial Guinea,USAID,$ -,$ -,$ -,$ -,$ -
Equatorial Guinea,U.S. Department of Agriculture,$ -,$ -,$ -,$ -,$ -
Eritrea,U.S. Department of State,$ -,$ -,$ -,$ -,$ -
Eritrea,Millenium Challenge Corporation,$ -,$ -,$ -,$ -,$ -
Eritrea,The Peace Corps,$ -,$ -,$ -,$ -,$ -
Eritrea,USAID,$ -,$ -,$ -,$ -,$ -
Eritrea,U.S. Department of Agriculture,$ -,$ -,$ -,$ -,$ -
Estonia,U.S. Department of State,$ -,$ -,$ -,$ -,$ -
Estonia,Millenium Challenge Corporation,$ -,$ -,$ -,$ -,$ -
Estonia,The Peace Corps,$ -,$ -,$ -,$ -,$ -
Estonia,USAID,$ -,$ -,$ -,$ -,$ -
Estonia,U.S. Department of Agriculture,$ -,$ -,$ -,$ -,$ -
Eswatini,U.S. Department of State,$ -,$ -,"$13,370.00",$ -,$ -
Eswatini,Millenium Challenge Corporation,$ -,$ -,$ -,$ -,$ -
Eswatini,The Peace Corps,"$1,722,002.00","$1,126,348.00","$814,219.00","$1,091,509.00","$1,242,985.00"
Eswatini,USAID,$ -,$ -,$ -,$ -,$ -
Eswatini,U.S. Department of Agriculture,$ -,$ -,$ -,$ -,$ -
Ethiopia,U.S. Department of State,$ -,$ -,$ -,$ -,$ -
Ethiopia,Millenium Challenge Corporation,$ -,$ -,$ -,$ -,$ -
Ethiopia,The Peace Corps,"$719,787.00","$1,074,528.00","$1,019,701.00","$1,482,182.00","$2,466,654.00"
Ethiopia,USAID,"$19,561,622.00","$8,807,564.00","$14,552,580.00","$22,723,430.00","$17,561,097.00"
Ethiopia,U.S. Department of Agriculture,"$4,201,525.00","$4,658,793.00","$7,185,778.00","$4,997,627.00","$93,329.00"
Fiji,U.S. Department of State,$ -,$ -,$ -,$ -,$ -
Fiji,Millenium Challenge Corporation,$ -,$ -,$ -,$ -,$ -
Fiji,The Peace Corps,"$1,760,732.00","$1,132,816.00","$962,203.00","$1,636,409.00","$1,855,121.00"
Fiji,USAID,$ -,$ -,$ -,$ -,$ -
Fiji,U.S. Department of Agriculture,$ -,$ -,$ -,$ -,$ -
Finland,U.S. Department of State,$ -,$ -,$ -,$ -,$ -
Finland,Millenium Challenge Corporation,$ -,$ -,$ -,$ -,$ -
Finland,The Peace Corps,$ -,$ -,$ -,$ -,$ -
Finland,USAID,$ -,$ -,$ -,$ -,$ -
Finland,U.S. Department of Agriculture,$ -,$ -,$ -,$ -,$ -
France,U.S. Department of State,$ -,$ -,$ -,$ -,$ -
France,Millenium Challenge Corporation,$ -,$ -,$ -,$ -,$ -
France,The Peace Corps,$ -,$ -,$ -,$ -,$ -
France,USAID,$ -,$ -,$ -,$ -,$ -
France,U.S. Department of Agriculture,$ -,$ -,$ -,$ -,$ -
Gabon,U.S. Department of State,$ -,$ -,$ -,$ -,$ -
Gabon,Millenium Challenge Corporation,$ -,$ -,$ -,$ -,$ -
Gabon,The Peace Corps,$ -,$ -,$ -,$ -,$ -
Gabon,USAID,$ -,$ -,$ -,$ -,$ -
Gabon,U.S. Department of Agriculture,$ -,$ -,$ -,$ -,$ -
"Gambia, The",U.S. Department of State,"$5,300.00",$ -,$ -,$ -,$ -
"Gambia, The",Millenium Challenge Corporation,$ -,$ -,$ -,$ -,$ -
"Gambia, The",The Peace Corps,"$939,348.00","$541,250.00","$272,070.00","$429,063.00","$493,989.00"
"Gambia, The",USAID,$ -,$ -,$ -,$ -,$ -
"Gambia, The",U.S. Department of Agriculture,"$2,150,820.00",$ -,$ -,$ -,$ -
Georgia,U.S. Department of State,"$117,143.00","$873,129.00","$246,259.00",$ -,$ -
Georgia,Millenium Challenge Corporation,$ -,$ -,$ -,$ -,$ -
Georgia,The Peace Corps,"$1,902,022.00","$1,498,782.00","$1,745,684.00","$1,813,885.00","$2,226,336.00"
Georgia,USAID,"$7,299,763.00","$4,774,251.00","$2,444,367.00","$823,764.00",$288.00
Georgia,U.S. Department of Agriculture,$ -,$ -,$ -,$ -,$ -
Germany,U.S. Department of State,$ -,$ -,$ -,$ -,$ -
Germany,Millenium Challenge Corporation,$ -,$ -,$ -,$ -,$ -
Germany,The Peace Corps,$ -,$ -,$ -,$ -,$ -
Germany,USAID,$ -,$ -,$ -,$ -,$ -
Germany,U.S. Department of Agriculture,$ -,$ -,$ -,$ -,$ -
Ghana,U.S. Department of State,$ -,"$40,283.00","$11,000.00",$ -,$ -
Ghana,Millenium Challenge Corporation,$ -,$ -,$ -,$ -,$ -
Ghana,The Peace Corps,"$1,328,726.00","$1,208,442.00","$792,857.00","$899,988.00","$906,987.00"
Ghana,USAID,"$6,199,120.00","$7,674,057.00","$8,463,061.00","$7,250,958.00","$17,354,902.00"
Ghana,U.S. Department of Agriculture,$ -,$ -,$ -,$ -,$ -
Greece,U.S. Department of State,$ -,$ -,$ -,$ -,$ -
Greece,Millenium Challenge Corporation,$ -,$ -,$ -,$ -,$ -
Greece,The Peace Corps,$ -,$ -,$ -,$ -,$ -
Greece,USAID,$ -,$ -,$ -,$ -,$ -
Greece,U.S. Department of Agriculture,$ -,$ -,$ -,$ -,$ -
Grenada,U.S. Department of State,$ -,$ -,$ -,$ -,$ -
Grenada,Millenium Challenge Corporation,$ -,$ -,$ -,$ -,$ -
Grenada,The Peace Corps,$ -,$ -,$ -,$ -,$ -
Grenada,USAID,$ -,$ -,$ -,$ -,$ -
Grenada,U.S. Department of Agriculture,$ -,$ -,$ -,$ -,$ -
Guatemala,U.S. Department of State,$ -,$ -,$ -,$ -,$ -
Guatemala,Millenium Challenge Corporation,$ -,$ -,$ -,$ -,$ -
Guatemala,The Peace Corps,"$1,086,457.00","$698,909.00","$561,785.00","$901,055.00","$1,098,044.00"
Guatemala,USAID,"$14,418,709.00","$13,271,858.00","$10,376,379.00","$7,860,985.00","$6,946,227.00"
Guatemala,U.S. Department of Agriculture,"$15,693,153.00","$15,461,909.00","$15,365,186.00","$10,090,495.00","$9,923,780.00"
Guinea,U.S. Department of State,$ -,$ -,$ -,$ -,$ -
Guinea,Millenium Challenge Corporation,$ -,$ -,$ -,$ -,$ -
Guinea,The Peace Corps,"$1,267,059.00","$1,054,211.00","$893,321.00","$1,360,689.00","$1,188,815.00"
Guinea,USAID,"$374,278.00","$809,827.00","$508,574.00","$444,870.00","$95,230.00"
Guinea,U.S. Department of Agriculture,$ -,$ -,$ -,$ -,$ -
Guinea-Bissau,U.S. Department of State,$ -,"$4,193.00","$16,193.00",$ -,$ -
Guinea-Bissau,Millenium Challenge Corporation,$ -,$ -,$ -,$ -,$ -
Guinea-Bissau,The Peace Corps,$ -,$ -,$ -,$ -,$ -
Guinea-Bissau,USAID,$ -,$ -,$ -,$ -,$ -
Guinea-Bissau,U.S. Department of Agriculture,"$2,680,102.00","$4,829,370.00","$4,493,298.00","$4,204,494.00","$3,591.00"
Guyana,U.S. Department of State,$ -,$ -,$ -,$ -,$ -
Guyana,Millenium Challenge Corporation,$ -,$ -,$ -,$ -,$ -
Guyana,The Peace Corps,"$860,525.00","$522,329.00","$453,975.00","$662,566.00","$797,770.00"
Guyana,USAID,$ -,$ -,$ -,$ -,$ -
Guyana,U.S. Department of Agriculture,$ -,$ -,$ -,$ -,$ -
Haiti,U.S. Department of State,$ -,$ -,$ -,$ -,$ -
Haiti,Millenium Challenge Corporation,$ -,$ -,$ -,$ -,$ -
Haiti,The Peace Corps,$ -,$ -,$ -,$ -,$ -
Haiti,USAID,"$9,807,033.00","$7,644,942.00","$5,819,680.00","$6,198,322.00","$10,188,793.00"
Haiti,U.S. Department of Agriculture,"$4,984,078.00","$6,079,507.00","$11,028,021.00","$2,229,844.00","$19,682.00"
Holy See,U.S. Department of State,$ -,$ -,$ -,$ -,$ -
Holy See,Millenium Challenge Corporation,$ -,$ -,$ -,$ -,$ -
Holy See,The Peace Corps,$ -,$ -,$ -,$ -,$ -
Holy See,USAID,$ -,$ -,$ -,$ -,$ -
Holy See,U.S. Department of Agriculture,$ -,$ -,$ -,$ -,$ -
Honduras,U.S. Department of State,$ -,$ -,$ -,$ -,$ -
Honduras,Millenium Challenge Corporation,$ -,$ -,$ -,$ -,$ -
Honduras,The Peace Corps,$ -,$ -,$ -,$ -,$ -
Honduras,USAID,"$11,517,900.00","$8,984,824.00","$7,929,408.00","$11,441,382.00","$19,560,779.00"
Honduras,U.S. Department of Agriculture,"$7,866,862.00","$7,311,359.00","$4,642,773.00","$5,215,089.00","$4,806,220.00"
Hungary,U.S. Department of State,$ -,$ -,$ -,$ -,$ -
Hungary,Millenium Challenge Corporation,$ -,$ -,$ -,$ -,$ -
Hungary,The Peace Corps,$ -,$ -,$ -,$ -,$ -
Hungary,USAID,$ -,$ -,$ -,$ -,$ -
Hungary,U.S. Department of Agriculture,$ -,$ -,$ -,$ -,$ -
Iceland,U.S. Department of State,$ -,$ -,$ -,$ -,$ -
Iceland,Millenium Challenge Corporation,$ -,$ -,$ -,$ -,$ -
Iceland,The Peace Corps,$ -,$ -,$ -,$ -,$ -
Iceland,USAID,$ -,$ -,$ -,$ -,$ -
Iceland,U.S. Department of Agriculture,$ -,$ -,$ -,$ -,$ -
India,U.S. Department of State,$ -,$ -,$ -,$ -,$ -
India,Millenium Challenge Corporation,$ -,$ -,$ -,$ -,$ -
India,The Peace Corps,$ -,$ -,$ -,$ -,$ -
India,USAID,"$6,287,940.00","$5,588,148.00","$1,929,932.00","$2,651,190.00","$3,445,294.00"
India,U.S. Department of Agriculture,$ -,$ -,$ -,$ -,$ -
Indonesia,U.S. Department of State,$ -,"$176,065.00",$ -,$ -,$ -
Indonesia,Millenium Challenge Corporation,$ -,$ -,$ -,$ -,$ -
Indonesia,The Peace Corps,"$1,852,003.00","$1,684,675.00","$1,547,082.00","$2,426,057.00","$2,291,314.00"
Indonesia,USAID,$ -,$ -,"$602,332.00","$1,107,666.00","$600,000.00"
Indonesia,U.S. Department of Agriculture,$ -,$ -,$ -,$ -,$ -
Iran,U.S. Department of State,$ -,$ -,$ -,$ -,$ -
Iran,Millenium Challenge Corporation,$ -,$ -,$ -,$ -,$ -
Iran,The Peace Corps,$ -,$ -,$ -,$ -,$ -
Iran,USAID,$ -,$ -,$ -,$ -,$ -
Iran,U.S. Department of Agriculture,$ -,$ -,$ -,$ -,$ -
Iraq,U.S. Department of State,"$50,897.00","$184,870.00","$168,765.00",$ -,$ -
Iraq,Millenium Challenge Corporation,$ -,$ -,$ -,$ -,$ -
Iraq,The Peace Corps,$ -,$ -,$ -,$ -,$ -
Iraq,USAID,"$2,371,645.00","-$19,417.00","-$178,849.00",$ -,$ -
Iraq,U.S. Department of Agriculture,$ -,$ -,$ -,$ -,$ -
Ireland,U.S. Department of State,$ -,$ -,$ -,$ -,$ -
Ireland,Millenium Challenge Corporation,$ -,$ -,$ -,$ -,$ -
Ireland,The Peace Corps,$ -,$ -,$ -,$ -,$ -
Ireland,USAID,$ -,$ -,$ -,$ -,$ -
Ireland,U.S. Department of Agriculture,$ -,$ -,$ -,$ -,$ -
Israel,U.S. Department of State,$ -,"$124,537.00",$ -,$ -,$ -
Israel,Millenium Challenge Corporation,$ -,$ -,$ -,$ -,$ -
Israel,The Peace Corps,$ -,$ -,$ -,$ -,$ -
Israel,USAID,$ -,$ -,$ -,$ -,$ -
Israel,U.S. Department of Agriculture,$ -,$ -,$ -,$ -,$ -
Italy,U.S. Department of State,$ -,$ -,$ -,$ -,$ -
Italy,Millenium Challenge Corporation,$ -,$ -,$ -,$ -,$ -
Italy,The Peace Corps,$ -,$ -,$ -,$ -,$ -
Italy,USAID,$ -,$ -,$ -,$ -,$ -
Italy,U.S. Department of Agriculture,$ -,$ -,$ -,$ -,$ -
Jamaica,U.S. Department of State,$ -,$ -,$ -,$ -,$ -
Jamaica,Millenium Challenge Corporation,$ -,$ -,$ -,$ -,$ -
Jamaica,The Peace Corps,"$835,641.00","$663,157.00","$630,600.00","$892,991.00","$1,083,456.00"
Jamaica,USAID,"$3,839.00","$14,782.00","$1,232,265.00","$510,227.00","$2,458,556.00"
Jamaica,U.S. Department of Agriculture,$ -,$ -,$ -,$ -,$ -
Japan,U.S. Department of State,$ -,$ -,$ -,$ -,$ -
Japan,Millenium Challenge Corporation,$ -,$ -,$ -,$ -,$ -
Japan,The Peace Corps,$ -,$ -,$ -,$ -,$ -
Japan,USAID,$ -,$ -,$ -,$ -,$ -
Japan,U.S. Department of Agriculture,$ -,$ -,$ -,$ -,$ -
Jordan,U.S. Department of State,"$26,632.00",$ -,$ -,$ -,$ -
Jordan,Millenium Challenge Corporation,$ -,$ -,$ -,$ -,$ -
Jordan,The Peace Corps,$ -,$ -,$ -,$ -,$ -
Jordan,USAID,"$908,687,319.00","$130,994,789.00","$104,850,090.00","$47,691,991.00","$108,909,708.00"
Jordan,U.S. Department of Agriculture,$ -,$ -,$ -,$ -,$ -
Kazakhstan,U.S. Department of State,"$61,146.00","$463,312.00","$268,375.00",$ -,$ -
Kazakhstan,Millenium Challenge Corporation,$ -,$ -,$ -,$ -,$ -
Kazakhstan,The Peace Corps,$ -,$ -,$ -,$ -,$ -
Kazakhstan,USAID,$ -,$ -,$ -,$ -,$ -
Kazakhstan,U.S. Department of Agriculture,$ -,$ -,$ -,$ -,$ -
Kenya,U.S. Department of State,$ -,"$9,500.00","$6,000.00",$ -,$ -
Kenya,Millenium Challenge Corporation,$ -,$ -,$ -,$ -,$ -
Kenya,The Peace Corps,$ -,$ -,$ -,$ -,$ -
Kenya,USAID,"$8,739,366.00","$11,709,252.00","$8,768,762.00","$8,643,002.00","$21,292,425.00"
Kenya,U.S. Department of Agriculture,"$1,757,935.00","$1,375,590.00","$1,492,354.00","$6,409,330.00","$2,260,962.00"
Kiribati,U.S. Department of State,$ -,$ -,$ -,$ -,$ -
Kiribati,Millenium Challenge Corporation,$ -,$ -,$ -,$ -,$ -
Kiribati,The Peace Corps,$ -,$ -,$ -,$ -,$ -
Kiribati,USAID,$ -,$ -,$ -,$ -,$ -
Kiribati,U.S. Department of Agriculture,$ -,$ -,$ -,$ -,$ -
"Korea, North",U.S. Department of State,$ -,$ -,$ -,$ -,$ -
"Korea, North",Millenium Challenge Corporation,$ -,$ -,$ -,$ -,$ -
"Korea, North",The Peace Corps,$ -,$ -,$ -,$ -,$ -
"Korea, North",USAID,$ -,$ -,$ -,$ -,$ -
"Korea, North",U.S. Department of Agriculture,$ -,$ -,$ -,$ -,$ -
"Korea, South",U.S. Department of State,$ -,$ -,$ -,$ -,$ -
"Korea, South",Millenium Challenge Corporation,$ -,$ -,$ -,$ -,$ -
"Korea, South",The Peace Corps,$ -,$ -,$ -,$ -,$ -
"Korea, South",USAID,$ -,$ -,$ -,$ -,$ -
"Korea, South",U.S. Department of Agriculture,$ -,$ -,$ -,$ -,$ -
Kosovo,U.S. Department of State,$ -,$ -,$ -,$ -,$ -
Kosovo,Millenium Challenge Corporation,$ -,$ -,$ -,$ -,$ -
Kosovo,The Peace Corps,"$1,409,342.00","$1,819,382.00","$762,245.00","$1,144,267.00","$1,396,157.00"
Kosovo,USAID,"$1,546,215.00","$1,546,306.00","$631,921.00","$2,094,814.00","$1,349,306.00"
Kosovo,U.S. Department of Agriculture,$ -,$ -,$ -,$ -,$ -
Kuwait,U.S. Department of State,$ -,$ -,$ -,$ -,$ -
Kuwait,Millenium Challenge Corporation,$ -,$ -,$ -,$ -,$ -
Kuwait,The Peace Corps,$ -,$ -,$ -,$ -,$ -
Kuwait,USAID,$ -,$ -,$ -,$ -,$ -
Kuwait,U.S. Department of Agriculture,$ -,$ -,$ -,$ -,$ -
Kyrgyzstan,U.S. Department of State,"$216,112.00","$748,007.00","$673,355.00",$ -,$ -
Kyrgyzstan,Millenium Challenge Corporation,$ -,$ -,$ -,$ -,$ -
Kyrgyzstan,The Peace Corps,"$1,619,480.00","$1,383,229.00","$948,032.00","$1,602,531.00","$1,864,249.00"
Kyrgyzstan,USAID,"$5,257,704.00","$4,430,544.00","$5,597,879.00","$4,391,229.00","$2,872,352.00"
Kyrgyzstan,U.S. Department of Agriculture,"$5,539,254.00","$1,330,766.00","$3,427,454.00","$3,455,881.00","$4,447,413.00"
Laos,U.S. Department of State,$ -,$ -,$ -,$ -,$ -
Laos,Millenium Challenge Corporation,$ -,$ -,$ -,$ -,$ -
Laos,The Peace Corps,$ -,$ -,$ -,$ -,$ -
Laos,USAID,"$5,517,440.00","$6,482,437.00","$5,357,289.00","$2,560,434.00","$3,126,211.00"
Laos,U.S. Department of Agriculture,"$11,012,148.00","$10,925,585.00","$13,138,619.00","$11,852,611.00","$7,139,518.00"
Latvia,U.S. Department of State,$ -,$ -,$ -,$ -,$ -
Latvia,Millenium Challenge Corporation,$ -,$ -,$ -,$ -,$ -
Latvia,The Peace Corps,$ -,$ -,$ -,$ -,$ -
Latvia,USAID,$ -,$ -,$ -,$ -,$ -
Latvia,U.S. Department of Agriculture,$ -,$ -,$ -,$ -,$ -
Lebanon,U.S. Department of State,$ -,$ -,$ -,$ -,$ -
Lebanon,Millenium Challenge Corporation,$ -,$ -,$ -,$ -,$ -
Lebanon,The Peace Corps,$ -,$ -,$ -,$ -,$ -
Lebanon,USAID,"$23,380,875.00","$26,716,187.00","$11,130,029.00","$20,707,250.00","$10,481,735.00"
Lebanon,U.S. Department of Agriculture,$ -,$ -,$ -,$ -,$ -
Lesotho,U.S. Department of State,$ -,"$2,185.00","$67,815.00",$ -,$ -
Lesotho,Millenium Challenge Corporation,$ -,$ -,$ -,$ -,$ -
Lesotho,The Peace Corps,"$1,521,878.00","$1,340,627.00","$1,092,494.00","$1,753,695.00","$1,847,673.00"
Lesotho,USAID,$ -,$ -,$ -,$ -,$ -
Lesotho,U.S. Department of Agriculture,"$1,290,014.00",$ -,$ -,$ -,$ -
Liberia,U.S. Department of State,"$4,500.00","$9,000.00",$ -,$ -,$ -
Liberia,Millenium Challenge Corporation,$ -,$ -,$ -,$ -,$ -
Liberia,The Peace Corps,"$2,131,483.00","$2,733,281.00","$1,941,877.00","$2,421,133.00","$4,066,146.00"
Liberia,USAID,"$9,927,510.00","$13,645,172.00","$17,191,632.00","$22,589,119.00","$20,611,160.00"
Liberia,U.S. Department of Agriculture,"$8,404,185.00","$4,866,710.00","$11,797,498.00","$3,751,788.00","$5,342,155.00"
Libya,U.S. Department of State,"$101,594.00","$310,870.00","$159,645.00","$387,888.00",$ -
Libya,Millenium Challenge Corporation,$ -,$ -,$ -,$ -,$ -
Libya,The Peace Corps,$ -,$ -,$ -,$ -,$ -
Libya,USAID,$ -,$ -,$ -,$ -,$ -
Libya,U.S. Department of Agriculture,$ -,$ -,$ -,$ -,$ -
Liechtenstein,U.S. Department of State,$ -,$ -,$ -,$ -,$ -
Liechtenstein,Millenium Challenge Corporation,$ -,$ -,$ -,$ -,$ -
Liechtenstein,The Peace Corps,$ -,$ -,$ -,$ -,$ -
Liechtenstein,USAID,$ -,$ -,$ -,$ -,$ -
Liechtenstein,U.S. Department of Agriculture,$ -,$ -,$ -,$ -,$ -
Lithuania,U.S. Department of State,$ -,$ -,$ -,$ -,$ -
Lithuania,Millenium Challenge Corporation,$ -,$ -,$ -,$ -,$ -
Lithuania,The Peace Corps,$ -,$ -,$ -,$ -,$ -
Lithuania,USAID,$ -,$ -,$ -,$ -,$ -
Lithuania,U.S. Department of Agriculture,$ -,$ -,$ -,$ -,$ -
Luxembourg,U.S. Department of State,$ -,$ -,$ -,$ -,$ -
Luxembourg,Millenium Challenge Corporation,$ -,$ -,$ -,$ -,$ -
Luxembourg,The Peace Corps,$ -,$ -,$ -,$ -,$ -
Luxembourg,USAID,$ -,$ -,$ -,$ -,$ -
Luxembourg,U.S. Department of Agriculture,$ -,$ -,$ -,$ -,$ -
Madagascar,U.S. Department of State,$ -,"$1,754.00","$7,015.00",$ -,$ -
Madagascar,Millenium Challenge Corporation,$ -,$ -,$ -,$ -,$ -
Madagascar,The Peace Corps,"$1,110,772.00","$709,088.00","$620,041.00","$942,551.00","$995,033.00"
Madagascar,USAID,$ -,"$67,024.00",$988.00,"$77,281.00",$ -
Madagascar,U.S. Department of Agriculture,"$6,990,192.00","$3,016,887.00",$ -,$ -,$ -
Malawi,U.S. Department of State,$ -,$ -,$ -,$ -,$ -
Malawi,Millenium Challenge Corporation,$ -,$ -,$ -,$ -,$ -
Malawi,The Peace Corps,"$529,360.00","$723,026.00","$672,043.00","$1,130,329.00","$1,334,748.00"
Malawi,USAID,"$29,187,487.00","$19,448,059.00","$7,436,772.00","$18,999,639.00","$18,476,992.00"
Malawi,U.S. Department of Agriculture,"$3,883,469.00","$7,986,084.00","$3,416,175.00","$7,763,964.00",$281.00
Malaysia,U.S. Department of State,$ -,$ -,$ -,$ -,$ -
Malaysia,Millenium Challenge Corporation,$ -,$ -,$ -,$ -,$ -
Malaysia,The Peace Corps,$ -,$ -,$ -,$ -,$ -
Malaysia,USAID,$ -,$ -,$ -,$ -,$ -
Malaysia,U.S. Department of Agriculture,$ -,$ -,$ -,$ -,$ -
Maldives,U.S. Department of State,$ -,$ -,$ -,$ -,$ -
Maldives,Millenium Challenge Corporation,$ -,$ -,$ -,$ -,$ -
Maldives,The Peace Corps,$ -,$ -,$ -,$ -,$ -
Maldives,USAID,$ -,$ -,$ -,$ -,$ -
Maldives,U.S. Department of Agriculture,$ -,$ -,$ -,$ -,$ -
Mali,U.S. Department of State,$ -,$ -,$ -,$ -,$ -
Mali,Millenium Challenge Corporation,$ -,$ -,$ -,$ -,$ -
Mali,The Peace Corps,$ -,$ -,$ -,$ -,$ -
Mali,USAID,"$10,649,833.00","$9,269,168.00","$19,066,355.00","$18,404,188.00","$20,301,620.00"
Mali,U.S. Department of Agriculture,"$5,936,408.00","$2,093,108.00","$4,815,555.00","$4,683,510.00","$2,694,532.00"
Malta,U.S. Department of State,$ -,$ -,$ -,$ -,$ -
Malta,Millenium Challenge Corporation,$ -,$ -,$ -,$ -,$ -
Malta,The Peace Corps,$ -,$ -,$ -,$ -,$ -
Malta,USAID,$ -,$ -,$ -,$ -,$ -
Malta,U.S. Department of Agriculture,$ -,$ -,$ -,$ -,$ -
Marshall Islands,U.S. Department of State,$ -,$ -,$ -,$ -,$ -
Marshall Islands,Millenium Challenge Corporation,$ -,$ -,$ -,$ -,$ -
Marshall Islands,The Peace Corps,$ -,$ -,$ -,$ -,$ -
Marshall Islands,USAID,$ -,$ -,$ -,$ -,$ -
Marshall Islands,U.S. Department of Agriculture,$ -,$ -,$ -,$ -,$ -
Mauritania,U.S. Department of State,$ -,"$12,000.00",$ -,$ -,$ -
Mauritania,Millenium Challenge Corporation,$ -,$ -,$ -,$ -,$ -
Mauritania,The Peace Corps,$ -,$ -,$ -,$ -,$ -
Mauritania,USAID,"$2,562.00",$ -,"$9,088.00","$49,527.00",$ -
Mauritania,U.S. Department of Agriculture,"$5,201,939.00","$6,475,880.00","$6,531,115.00","$3,224,516.00",$ -
Mauritius,U.S. Department of State,$ -,"$3,043.00","$3,043.00","$5,000.00",$ -
Mauritius,Millenium Challenge Corporation,$ -,$ -,$ -,$ -,$ -
Mauritius,The Peace Corps,$ -,$ -,$ -,$ -,$ -
Mauritius,USAID,$ -,$ -,$ -,$ -,$ -
Mauritius,U.S. Department of Agriculture,$ -,$ -,$ -,$ -,$ -
Mexico,U.S. Department of State,$ -,$ -,$ -,$ -,$ -
Mexico,Millenium Challenge Corporation,$ -,$ -,$ -,$ -,$ -
Mexico,The Peace Corps,"$941,856.00","$582,666.00","$474,611.00","$523,207.00","$622,851.00"
Mexico,USAID,"$250,000.00",$ -,$ -,$153.00,$ -
Mexico,U.S. Department of Agriculture,$ -,$ -,$ -,$ -,$ -
"Micronesia, Federated States of",U.S. Department of State,$ -,$ -,$ -,$ -,$ -
"Micronesia, Federated States of",Millenium Challenge Corporation,$ -,$ -,$ -,$ -,$ -
"Micronesia, Federated States of",The Peace Corps,$ -,$ -,$ -,$ -,"-$1,753.00"
"Micronesia, Federated States of",USAID,$ -,$ -,$ -,$ -,$ -
"Micronesia, Federated States of",U.S. Department of Agriculture,$ -,$ -,$ -,$ -,$ -
Moldova,U.S. Department of State,$ -,$ -,$ -,$ -,$ -
Moldova,Millenium Challenge Corporation,$ -,$ -,$ -,$ -,$ -
Moldova,The Peace Corps,"$729,251.00","$883,201.00","$800,317.00","$1,144,011.00","$1,330,538.00"
Moldova,USAID,$ -,$ -,$ -,$ -,$1.00
Moldova,U.S. Department of Agriculture,$ -,$ -,$ -,$ -,$ -
Monaco,U.S. Department of State,$ -,$ -,$ -,$ -,$ -
Monaco,Millenium Challenge Corporation,$ -,$ -,$ -,$ -,$ -
Monaco,The Peace Corps,$ -,$ -,$ -,$ -,$ -
Monaco,USAID,$ -,$ -,$ -,$ -,$ -
Monaco,U.S. Department of Agriculture,$ -,$ -,$ -,$ -,$ -
Mongolia,U.S. Department of State,$ -,$ -,$ -,$ -,$ -
Mongolia,Millenium Challenge Corporation,$ -,$ -,$ -,$ -,$ -
Mongolia,The Peace Corps,"$1,745,947.00","$1,196,993.00","$1,095,306.00","$1,660,704.00","$1,894,883.00"
Mongolia,USAID,$ -,$ -,$ -,$ -,$ -
Mongolia,U.S. Department of Agriculture,$ -,$ -,$ -,$ -,$ -
Montenegro,U.S. Department of State,$ -,"$11,162.00","$64,670.00",$ -,$ -
Montenegro,Millenium Challenge Corporation,$ -,$ -,$ -,$ -,$ -
Montenegro,The Peace Corps,"$233,387.00","$112,453.00","$76,269.00",$ -,$ -
Montenegro,USAID,$ -,$ -,$ -,$ -,$ -
Montenegro,U.S. Department of Agriculture,$ -,$ -,$ -,$ -,$ -
Morocco,U.S. Department of State,$ -,"$41,410.00","$83,590.00",$ -,$ -
Morocco,Millenium Challenge Corporation,$ -,$ -,$ -,$ -,$ -
Morocco,The Peace Corps,"$4,329,415.00","$3,249,866.00","$2,897,582.00","$3,893,084.00","$4,724,870.00"
Morocco,USAID,"$3,975,764.00","$6,003,123.00","$4,242,787.00","$7,259,233.00","$9,184,079.00"
Morocco,U.S. Department of Agriculture,$ -,$ -,$ -,$ -,$ -
Mozambique,U.S. Department of State,$ -,$ -,$ -,$ -,$ -
Mozambique,Millenium Challenge Corporation,$ -,$ -,$ -,$ -,$ -
Mozambique,The Peace Corps,"$1,290,836.00","$2,026,969.00","$2,146,569.00","$2,647,181.00","$2,790,052.00"
Mozambique,USAID,"$18,632,818.00","$12,204,404.00","$12,582,654.00","$18,191,719.00","$22,202,031.00"
Mozambique,U.S. Department of Agriculture,"$8,810,856.00","$16,106,055.00","$12,387,125.00","$12,693,547.00","$6,700,268.00"
Namibia,U.S. Department of State,$ -,$ -,$ -,$ -,$ -
Namibia,Millenium Challenge Corporation,$ -,$ -,$ -,$ -,$ -
Namibia,The Peace Corps,"$1,921,621.00","$1,728,616.00","$1,326,230.00","$2,518,964.00","$2,753,253.00"
Namibia,USAID,$ -,$ -,$ -,$ -,"$7,464.00"
Namibia,U.S. Department of Agriculture,$ -,$ -,$ -,$ -,$ -
Nauru,U.S. Department of State,$ -,$ -,$ -,$ -,$ -
Nauru,Millenium Challenge Corporation,$ -,$ -,$ -,$ -,$ -
Nauru,The Peace Corps,$ -,$ -,$ -,$ -,$ -
Nauru,USAID,$ -,$ -,$ -,$ -,$ -
Nauru,U.S. Department of Agriculture,$ -,$ -,$ -,$ -,$ -
Nepal,U.S. Department of State,$ -,$ -,$ -,$ -,$ -
Nepal,Millenium Challenge Corporation,$ -,$ -,$ -,$ -,$ -
Nepal,The Peace Corps,"$334,018.00","$418,643.00","$363,300.00","$341,517.00",$ -
Nepal,USAID,"$6,345,900.00","$13,774,754.00","$15,518,904.00","$16,495,499.00","$20,181,404.00"
Nepal,U.S. Department of Agriculture,"$8,151,494.00","$9,045,972.00","$9,552,909.00","$13,036,960.00","$1,230,082.00"
Netherlands,U.S. Department of State,$ -,$ -,$ -,$ -,$ -
Netherlands,Millenium Challenge Corporation,$ -,$ -,$ -,$ -,$ -
Netherlands,The Peace Corps,$ -,$ -,$ -,$ -,$ -
Netherlands,USAID,$ -,$ -,$ -,$ -,$ -
Netherlands,U.S. Department of Agriculture,$ -,$ -,$ -,$ -,$ -
New Zealand,U.S. Department of State,$ -,$ -,$ -,$ -,$ -
New Zealand,Millenium Challenge Corporation,$ -,$ -,$ -,$ -,$ -
New Zealand,The Peace Corps,$ -,$ -,$ -,$ -,$ -
New Zealand,USAID,$ -,$ -,$ -,$ -,$ -
New Zealand,U.S. Department of Agriculture,$ -,$ -,$ -,$ -,$ -
Nicaragua,U.S. Department of State,$ -,$ -,$ -,$ -,$ -
Nicaragua,Millenium Challenge Corporation,$ -,$ -,$ -,$ -,$ -
Nicaragua,The Peace Corps,$ -,$ -,$ -,$ -,"$659,789.00"
Nicaragua,USAID,$ -,"$2,902.00","$1,058,876.00","$1,698,897.00","$2,469,881.00"
Nicaragua,U.S. Department of Agriculture,"$2,571,299.00","$891,390.00","$4,177,926.00","$5,438,251.00","$4,270,670.00"
Niger,U.S. Department of State,$ -,$ -,$ -,$ -,$ -
Niger,Millenium Challenge Corporation,$ -,$ -,$ -,$ -,$ -
Niger,The Peace Corps,$ -,$ -,$ -,$ -,$ -
Niger,USAID,"$865,291.00","$1,811,724.00","$857,313.00","$228,499.00","$1,626,446.00"
Niger,U.S. Department of Agriculture,$ -,$ -,$ -,$ -,$ -
Nigeria,U.S. Department of State,"$2,248.00","$5,752.00","$1,977.00",$ -,$ -
Nigeria,Millenium Challenge Corporation,$ -,$ -,$ -,$ -,$ -
Nigeria,The Peace Corps,$ -,$ -,$ -,$ -,$ -
Nigeria,USAID,"$16,539,158.00","$8,251,745.00","$19,435,666.00","$26,696,707.00","$20,861,979.00"
Nigeria,U.S. Department of Agriculture,$ -,$ -,$ -,$ -,$ -
Niue,U.S. Department of State,$ -,$ -,$ -,$ -,$ -
Niue,Millenium Challenge Corporation,$ -,$ -,$ -,$ -,$ -
Niue,The Peace Corps,$ -,$ -,$ -,$ -,$ -
Niue,USAID,$ -,$ -,$ -,$ -,$ -
Niue,U.S. Department of Agriculture,$ -,$ -,$ -,$ -,$ -
North Macedonia,U.S. Department of State,$ -,$ -,$ -,$ -,$ -
North Macedonia,Millenium Challenge Corporation,$ -,$ -,$ -,$ -,$ -
North Macedonia,The Peace Corps,"$1,738,953.00","$1,581,033.00","$1,371,494.00","$2,117,921.00","$2,419,192.00"
North Macedonia,USAID,"$213,884.00","$549,442.00","$479,024.00","$270,488.00","$312,022.00"
North Macedonia,U.S. Department of Agriculture,$ -,$ -,$ -,$ -,$ -
Norway,U.S. Department of State,$ -,$ -,$ -,$ -,$ -
Norway,Millenium Challenge Corporation,$ -,$ -,$ -,$ -,$ -
Norway,The Peace Corps,$ -,$ -,$ -,$ -,$ -
Norway,USAID,$ -,$ -,$ -,$ -,$ -
Norway,U.S. Department of Agriculture,$ -,$ -,$ -,$ -,$ -
Oman,U.S. Department of State,$ -,$ -,$ -,$ -,$ -
Oman,Millenium Challenge Corporation,$ -,$ -,$ -,$ -,$ -
Oman,The Peace Corps,$ -,$ -,$ -,$ -,$ -
Oman,USAID,$ -,$ -,$ -,$ -,$ -
Oman,U.S. Department of Agriculture,$ -,$ -,$ -,$ -,$ -
Pakistan,U.S. Department of State,$ -,$ -,$ -,$ -,$ -
Pakistan,Millenium Challenge Corporation,$ -,$ -,$ -,$ -,$ -
Pakistan,The Peace Corps,$ -,$ -,$ -,$ -,$ -
Pakistan,USAID,"$12,286,660.00","$18,039,891.00","$17,634,957.00","$24,805,248.00","$47,475,077.00"
Pakistan,U.S. Department of Agriculture,$ -,$ -,$ -,$ -,$ -
Palau,U.S. Department of State,$ -,$ -,$ -,$ -,$ -
Palau,Millenium Challenge Corporation,$ -,$ -,$ -,$ -,$ -
Palau,The Peace Corps,$ -,$ -,$ -,$ -,$ -
Palau,USAID,$ -,$ -,$ -,$ -,$ -
Palau,U.S. Department of Agriculture,$ -,$ -,$ -,$ -,$ -
Panama,U.S. Department of State,$ -,"$44,700.00",$ -,$ -,$ -
Panama,Millenium Challenge Corporation,$ -,$ -,$ -,$ -,$ -
Panama,The Peace Corps,"$826,289.00","$659,612.00","$497,576.00","$933,080.00","$1,149,400.00"
Panama,USAID,$ -,$ -,$ -,$ -,$ -
Panama,U.S. Department of Agriculture,$ -,$ -,$ -,$ -,$ -
Papua New Guinea,U.S. Department of State,$ -,$ -,$ -,$ -,$ -
Papua New Guinea,Millenium Challenge Corporation,$ -,$ -,$ -,$ -,$ -
Papua New Guinea,The Peace Corps,$ -,$ -,$ -,$ -,$ -
Papua New Guinea,USAID,$ -,$ -,$ -,$ -,$ -
Papua New Guinea,U.S. Department of Agriculture,$ -,$ -,$ -,$ -,$ -
Paraguay,U.S. Department of State,$ -,$ -,$ -,$ -,$ -
Paraguay,Millenium Challenge Corporation,$ -,$ -,$ -,$ -,$ -
Paraguay,The Peace Corps,"$726,885.00","$591,091.00","$415,576.00","$772,436.00","$738,400.00"
Paraguay,USAID,$ -,$ -,$ -,$ -,$ -
Paraguay,U.S. Department of Agriculture,$ -,$ -,$ -,$ -,$ -
Peru,U.S. Department of State,$ -,$ -,$ -,$ -,$ -
Peru,Millenium Challenge Corporation,$ -,$ -,$ -,$ -,$ -
Peru,The Peace Corps,"$2,063,500.00","$1,771,187.00","$1,457,205.00","$2,310,467.00","$2,256,557.00"
Peru,USAID,"$215,000.00","$1,412.00","$1,193.00","$37,897.00","$622,788.00"
Peru,U.S. Department of Agriculture,$ -,$ -,$ -,$ -,$ -
Philippines,U.S. Department of State,$ -,$ -,$ -,$ -,$ -
Philippines,Millenium Challenge Corporation,$ -,$ -,$ -,$ -,$ -
Philippines,The Peace Corps,"$1,790,659.00","$1,344,053.00","$1,098,730.00","$1,495,065.00","$1,976,207.00"
Philippines,USAID,"$18,231,704.00","$11,992,515.00","$12,838,264.00","$7,892,256.00","$3,449,194.00"
Philippines,U.S. Department of Agriculture,$ -,$ -,$ -,$ -,$ -
Poland,U.S. Department of State,$ -,$ -,$ -,$ -,$ -
Poland,Millenium Challenge Corporation,$ -,$ -,$ -,$ -,$ -
Poland,The Peace Corps,$ -,$ -,$ -,$ -,$ -
Poland,USAID,$ -,$ -,$ -,$ -,$ -
Poland,U.S. Department of Agriculture,$ -,$ -,$ -,$ -,$ -
Portugal,U.S. Department of State,$ -,$ -,$ -,$ -,$ -
Portugal,Millenium Challenge Corporation,$ -,$ -,$ -,$ -,$ -
Portugal,The Peace Corps,$ -,$ -,$ -,$ -,$ -
Portugal,USAID,$ -,$ -,$ -,$ -,$ -
Portugal,U.S. Department of Agriculture,$ -,$ -,$ -,$ -,$ -
Qatar,U.S. Department of State,$ -,$ -,$ -,$ -,$ -
Qatar,Millenium Challenge Corporation,$ -,$ -,$ -,$ -,$ -
Qatar,The Peace Corps,$ -,$ -,$ -,$ -,$ -
Qatar,USAID,$ -,$ -,$ -,$ -,$ -
Qatar,U.S. Department of Agriculture,$ -,$ -,$ -,$ -,$ -
Romania,U.S. Department of State,$ -,$ -,$ -,$ -,$ -
Romania,Millenium Challenge Corporation,$ -,$ -,$ -,$ -,$ -
Romania,The Peace Corps,$ -,$ -,$ -,$ -,$ -
Romania,USAID,$ -,$ -,$ -,$ -,$ -
Romania,U.S. Department of Agriculture,$ -,$ -,$ -,$ -,$ -
Russia,U.S. Department of State,$ -,$ -,$ -,$ -,$ -
Russia,Millenium Challenge Corporation,$ -,$ -,$ -,$ -,$ -
Russia,The Peace Corps,$ -,$ -,$ -,$ -,$ -
Russia,USAID,$ -,$ -,$ -,$ -,$ -
Russia,U.S. Department of Agriculture,$ -,$ -,$ -,$ -,$ -
Rwanda,U.S. Department of State,$ -,$ -,$ -,$ -,$ -
Rwanda,Millenium Challenge Corporation,$ -,$ -,$ -,$ -,$ -
Rwanda,The Peace Corps,"$2,118,320.00","$1,558,756.00","$1,354,007.00","$1,826,685.00","$1,880,947.00"
Rwanda,USAID,"$11,755,792.00","$11,658,944.00","$11,188,801.00","$20,497,248.00","$23,398,693.00"
Rwanda,U.S. Department of Agriculture,"$5,522,124.00","$4,437,279.00","$6,238,434.00","$5,423,710.00","$191,033.00"
Saint Kitts and Nevis,U.S. Department of State,$ -,$ -,$ -,$ -,$ -
Saint Kitts and Nevis,Millenium Challenge Corporation,$ -,$ -,$ -,$ -,$ -
Saint Kitts and Nevis,The Peace Corps,$ -,$ -,$ -,$ -,$ -
Saint Kitts and Nevis,USAID,$ -,$ -,$ -,$ -,$ -
Saint Kitts and Nevis,U.S. Department of Agriculture,$ -,$ -,$ -,$ -,$ -
Saint Lucia,U.S. Department of State,$ -,$ -,$ -,$ -,$ -
Saint Lucia,Millenium Challenge Corporation,$ -,$ -,$ -,$ -,$ -
Saint Lucia,The Peace Corps,$ -,$ -,$ -,$ -,$ -
Saint Lucia,USAID,$ -,$ -,$ -,$ -,$ -
Saint Lucia,U.S. Department of Agriculture,$ -,$ -,$ -,$ -,$ -
Saint Vincent and the Grenadines,U.S. Department of State,$ -,$ -,$ -,$ -,$ -
Saint Vincent and the Grenadines,Millenium Challenge Corporation,$ -,$ -,$ -,$ -,$ -
Saint Vincent and the Grenadines,The Peace Corps,$ -,$ -,$ -,$ -,$ -
Saint Vincent and the Grenadines,USAID,$ -,$ -,$ -,$ -,$ -
Saint Vincent and the Grenadines,U.S. Department of Agriculture,$ -,$ -,$ -,$ -,$ -
Samoa,U.S. Department of State,$ -,$ -,$ -,$ -,$ -
Samoa,Millenium Challenge Corporation,$ -,$ -,$ -,$ -,$ -
Samoa,The Peace Corps,"$1,042,576.00","$864,506.00","$680,235.00","$1,139,526.00","$1,158,830.00"
Samoa,USAID,$ -,$ -,$ -,$ -,$ -
Samoa,U.S. Department of Agriculture,$ -,$ -,$ -,$ -,$ -
San Marino,U.S. Department of State,$ -,$ -,$ -,$ -,$ -
San Marino,Millenium Challenge Corporation,$ -,$ -,$ -,$ -,$ -
San Marino,The Peace Corps,$ -,$ -,$ -,$ -,$ -
San Marino,USAID,$ -,$ -,$ -,$ -,$ -
San Marino,U.S. Department of Agriculture,$ -,$ -,$ -,$ -,$ -
Sao Tome and Principe,U.S. Department of State,$ -,$ -,$ -,$ -,$ -
Sao Tome and Principe,Millenium Challenge Corporation,$ -,$ -,$ -,$ -,$ -
Sao Tome and Principe,The Peace Corps,$ -,$ -,$ -,$ -,$ -
Sao Tome and Principe,USAID,$ -,$ -,$ -,$ -,$ -
Sao Tome and Principe,U.S. Department of Agriculture,$ -,$ -,$ -,$ -,$ -
Saudi Arabia,U.S. Department of State,$ -,$ -,$ -,$ -,$ -
Saudi Arabia,Millenium Challenge Corporation,$ -,$ -,$ -,$ -,$ -
Saudi Arabia,The Peace Corps,$ -,$ -,$ -,$ -,$ -
Saudi Arabia,USAID,$ -,$ -,$ -,$ -,$ -
Saudi Arabia,U.S. Department of Agriculture,$ -,$ -,$ -,$ -,$ -
Senegal,U.S. Department of State,$ -,$ -,"$8,900.00",$ -,$ -
Senegal,Millenium Challenge Corporation,$ -,$ -,$ -,$ -,$ -
Senegal,The Peace Corps,"$1,167,433.00","$1,089,985.00","$791,138.00","$1,416,439.00","$983,107.00"
Senegal,USAID,"$17,532,775.00","$11,721,427.00","$19,999,140.00","$26,731,319.00","$23,780,340.00"
Senegal,U.S. Department of Agriculture,"$5,023,424.00","$7,054,294.00","$6,848,449.00","$5,903,579.00","$2,689,852.00"
Serbia,U.S. Department of State,"$28,085.00","$95,896.00","$9,463.00",$ -,$ -
Serbia,Millenium Challenge Corporation,$ -,$ -,$ -,$ -,$ -
Serbia,The Peace Corps,$ -,$ -,$ -,$ -,$ -
Serbia,USAID,$ -,$ -,$ -,"$51,813.00","$143,471.00"
Serbia,U.S. Department of Agriculture,$ -,$ -,$ -,$ -,$ -
Seychelles,U.S. Department of State,$ -,$ -,$ -,$ -,$ -
Seychelles,Millenium Challenge Corporation,$ -,$ -,$ -,$ -,$ -
Seychelles,The Peace Corps,$ -,$ -,$ -,$ -,$ -
Seychelles,USAID,$ -,$ -,$ -,$ -,$ -
Seychelles,U.S. Department of Agriculture,$ -,$ -,$ -,$ -,$ -
Sierra Leone,U.S. Department of State,$ -,$ -,$ -,$ -,$ -
Sierra Leone,Millenium Challenge Corporation,$ -,$ -,$ -,$ -,$ -
Sierra Leone,The Peace Corps,"$1,447,036.00","$1,164,827.00","$848,502.00","$1,153,141.00","$1,577,290.00"
Sierra Leone,USAID,"$350,000.00","$1,090,000.00","$250,000.00",$ -,$ -
Sierra Leone,U.S. Department of Agriculture,"$6,325,049.00","$5,056,432.00","$8,317,450.00","$6,719,986.00","$3,866,405.00"
Singapore,U.S. Department of State,$ -,$ -,$ -,$ -,$ -
Singapore,Millenium Challenge Corporation,$ -,$ -,$ -,$ -,$ -
Singapore,The Peace Corps,$ -,$ -,$ -,$ -,$ -
Singapore,USAID,$ -,$ -,$ -,$ -,$ -
Singapore,U.S. Department of Agriculture,$ -,$ -,$ -,$ -,$ -
Slovakia,U.S. Department of State,$ -,$ -,$ -,$ -,$ -
Slovakia,Millenium Challenge Corporation,$ -,$ -,$ -,$ -,$ -
Slovakia,The Peace Corps,$ -,$ -,$ -,$ -,$ -
Slovakia,USAID,$ -,$ -,$ -,$ -,$ -
Slovakia,U.S. Department of Agriculture,$ -,$ -,$ -,$ -,$ -
Slovenia,U.S. Department of State,$ -,$ -,$ -,$ -,$ -
Slovenia,Millenium Challenge Corporation,$ -,$ -,$ -,$ -,$ -
Slovenia,The Peace Corps,$ -,$ -,$ -,$ -,$ -
Slovenia,USAID,$ -,$ -,$ -,$ -,$ -
Slovenia,U.S. Department of Agriculture,$ -,$ -,$ -,$ -,$ -
Solomon Islands,U.S. Department of State,$ -,$ -,$ -,$ -,$ -
Solomon Islands,Millenium Challenge Corporation,$ -,$ -,$ -,$ -,$ -
Solomon Islands,The Peace Corps,$ -,$ -,$ -,$ -,$ -
Solomon Islands,USAID,$ -,$ -,$ -,$ -,$ -
Solomon Islands,U.S. Department of Agriculture,$ -,$ -,$ -,$ -,$ -
Somalia,U.S. Department of State,$ -,$ -,$ -,$ -,$ -
Somalia,Millenium Challenge Corporation,$ -,$ -,$ -,$ -,$ -
Somalia,The Peace Corps,$ -,$ -,$ -,$ -,$ -
Somalia,USAID,"$21,835,995.00","$9,595,891.00","$18,515,050.00","$5,224,854.00","$6,831,397.00"
Somalia,U.S. Department of Agriculture,$ -,$ -,$ -,$ -,$ -
South Africa,U.S. Department of State,$ -,$ -,$ -,$ -,$ -
South Africa,Millenium Challenge Corporation,$ -,$ -,$ -,$ -,$ -
South Africa,The Peace Corps,"$3,293,861.00","$3,190,677.00","$2,885,628.00","$3,233,470.00","$3,556,953.00"
South Africa,USAID,"$858,146.00","$3,699,826.00","$3,827,382.00","$3,525,829.00","$6,456,943.00"
South Africa,U.S. Department of Agriculture,$ -,$ -,$ -,$ -,$ -
South Sudan,U.S. Department of State,$ -,$ -,$ -,$ -,$ -
South Sudan,Millenium Challenge Corporation,$ -,$ -,$ -,$ -,$ -
South Sudan,The Peace Corps,$ -,$ -,$ -,$ -,$ -
South Sudan,USAID,"$10,189,907.00","$1,196,112.00","$11,468,599.00","$18,345,434.00","$19,959,286.00"
South Sudan,U.S. Department of Agriculture,$ -,$ -,$ -,$ -,$ -
Spain,U.S. Department of State,$ -,$ -,$ -,$ -,$ -
Spain,Millenium Challenge Corporation,$ -,$ -,$ -,$ -,$ -
Spain,The Peace Corps,$ -,$ -,$ -,$ -,$ -
Spain,USAID,$ -,$ -,$ -,$ -,$ -
Spain,U.S. Department of Agriculture,$ -,$ -,$ -,$ -,$ -
Sri Lanka,U.S. Department of State,$ -,$ -,$ -,$ -,$ -
Sri Lanka,Millenium Challenge Corporation,$ -,$ -,$ -,$ -,$ -
Sri Lanka,The Peace Corps,$ -,$ -,$ -,$ -,$ -
Sri Lanka,USAID,"$2,315,186.00","$3,131,695.00","$2,671,804.00","$2,190,356.00","$2,703,016.00"
Sri Lanka,U.S. Department of Agriculture,"$4,900,693.00","$9,763,733.00","$5,193,382.00","$962,430.00",$ -
Sudan,U.S. Department of State,$ -,$ -,$ -,$ -,$ -
Sudan,Millenium Challenge Corporation,$ -,$ -,$ -,$ -,$ -
Sudan,The Peace Corps,$ -,$ -,$ -,$ -,$ -
Sudan,USAID,$ -,"-$4,473.00",$ -,$ -,"$32,672.00"
Sudan,U.S. Department of Agriculture,$ -,$ -,$ -,$ -,$ -
Suriname,U.S. Department of State,$ -,$ -,$ -,$ -,$ -
Suriname,Millenium Challenge Corporation,$ -,$ -,$ -,$ -,$ -
Suriname,The Peace Corps,$ -,$ -,$ -,$ -,$ -
Suriname,USAID,$ -,$ -,$ -,$ -,$ -
Suriname,U.S. Department of Agriculture,$ -,$ -,$ -,$ -,$ -
Sweden,U.S. Department of State,$ -,$ -,$ -,$ -,$ -
Sweden,Millenium Challenge Corporation,$ -,$ -,$ -,$ -,$ -
Sweden,The Peace Corps,$ -,$ -,$ -,$ -,$ -
Sweden,USAID,$ -,$ -,$ -,$ -,$ -
Sweden,U.S. Department of Agriculture,$ -,$ -,$ -,$ -,$ -
Switzerland,U.S. Department of State,$ -,$ -,$ -,$ -,$ -
Switzerland,Millenium Challenge Corporation,$ -,$ -,$ -,$ -,$ -
Switzerland,The Peace Corps,$ -,$ -,$ -,$ -,$ -
Switzerland,USAID,$ -,$ -,$ -,$ -,$ -
Switzerland,U.S. Department of Agriculture,$ -,$ -,$ -,$ -,$ -
Syria,U.S. Department of State,$ -,$ -,$ -,$ -,"$5,615,442.00"
Syria,Millenium Challenge Corporation,$ -,$ -,$ -,$ -,$ -
Syria,The Peace Corps,$ -,$ -,$ -,$ -,$ -
Syria,USAID,$ -,$ -,"$339,363.00","$660,637.00",$ -
Syria,U.S. Department of Agriculture,$ -,$ -,$ -,$ -,$ -
Tajikistan,U.S. Department of State,"$141,283.00","$322,349.00","$263,964.00",$ -,$ -
Tajikistan,Millenium Challenge Corporation,$ -,$ -,$ -,$ -,$ -
Tajikistan,The Peace Corps,$ -,$ -,$ -,$ -,$ -
Tajikistan,USAID,"$5,413,312.00","$6,836,646.00","$5,239,027.00","$5,209,256.00","$5,088,845.00"
Tajikistan,U.S. Department of Agriculture,$ -,$ -,$ -,$ -,$ -
Tanzania,U.S. Department of State,$ -,"$9,735.00",$ -,$ -,$ -
Tanzania,Millenium Challenge Corporation,$ -,$ -,$ -,$ -,$ -
Tanzania,The Peace Corps,"$1,831,296.00","$1,645,499.00","$1,385,058.00","$2,073,570.00","$2,489,985.00"
Tanzania,USAID,"$14,829,549.00","$10,972,244.00","$16,522,064.00","$13,990,603.00","$15,605,090.00"
Tanzania,U.S. Department of Agriculture,"$2,045,613.00","$1,507,785.00","$7,254,425.00","$7,010,784.00","$1,896,257.00"
Thailand,U.S. Department of State,$ -,$ -,$ -,$ -,$ -
Thailand,Millenium Challenge Corporation,$ -,$ -,$ -,$ -,$ -
Thailand,The Peace Corps,"$2,868,464.00","$2,346,952.00","$2,001,565.00","$3,336,045.00","$3,296,317.00"
Thailand,USAID,$ -,$ -,$ -,$ -,$ -
Thailand,U.S. Department of Agriculture,$ -,$ -,$ -,$ -,$ -
Timor-Leste,U.S. Department of State,$ -,$ -,$ -,$ -,$ -
Timor-Leste,Millenium Challenge Corporation,$ -,$ -,$ -,$ -,$ -
Timor-Leste,The Peace Corps,"$1,678,402.00","$1,239,402.00","$1,102,796.00","$1,619,668.00","$1,623,616.00"
Timor-Leste,USAID,$ -,$ -,$ -,"-$16,106.00",$ -
Timor-Leste,U.S. Department of Agriculture,"$7,098,503.00","$4,965,828.00","$6,311,693.00","$6,962,682.00","$2,578,156.00"
Togo,U.S. Department of State,$ -,"$2,778.00","$15,001.00",$ -,$ -
Togo,Millenium Challenge Corporation,$ -,$ -,$ -,$ -,$ -
Togo,The Peace Corps,"$1,127,426.00","$1,153,638.00","$515,195.00","$683,166.00","$832,426.00"
Togo,USAID,$ -,$ -,$ -,$ -,$ -
Togo,U.S. Department of Agriculture,"$2,118,399.00","$4,115,819.00","$5,762,508.00","$1,752,371.00",$ -
Tonga,U.S. Department of State,$ -,$ -,$ -,$ -,$ -
Tonga,Millenium Challenge Corporation,$ -,$ -,$ -,$ -,$ -
Tonga,The Peace Corps,"$663,796.00","$711,530.00","$565,351.00","$866,189.00","$1,214,488.00"
Tonga,USAID,$ -,$ -,$ -,$ -,$ -
Tonga,U.S. Department of Agriculture,$ -,$ -,$ -,$ -,$ -
Trinidad and Tobago,U.S. Department of State,$ -,$ -,$ -,$ -,$ -
Trinidad and Tobago,Millenium Challenge Corporation,$ -,$ -,$ -,$ -,$ -
Trinidad and Tobago,The Peace Corps,$ -,$ -,$ -,$ -,$ -
Trinidad and Tobago,USAID,$ -,$ -,$ -,$ -,$ -
Trinidad and Tobago,U.S. Department of Agriculture,$ -,$ -,$ -,$ -,$ -
Tunisia,U.S. Department of State,$ -,"$461,566.00","$153,714.00",$ -,$ -
Tunisia,Millenium Challenge Corporation,$ -,$ -,$ -,$ -,$ -
Tunisia,The Peace Corps,$ -,$ -,$ -,$ -,$ -
Tunisia,USAID,"$4,003,177.00","$6,939,944.00","$3,820,000.00",$ -,"$1,651,402.00"
Tunisia,U.S. Department of Agriculture,$ -,$ -,$ -,$ -,$ -
Turkey,U.S. Department of State,$ -,$ -,$ -,$ -,$ -
Turkey,Millenium Challenge Corporation,$ -,$ -,$ -,$ -,$ -
Turkey,The Peace Corps,$ -,$ -,$ -,$ -,$ -
Turkey,USAID,$ -,$ -,$ -,$ -,$ -
Turkey,U.S. Department of Agriculture,$ -,$ -,$ -,$ -,$ -
Turkmenistan,U.S. Department of State,"$97,300.00","$202,761.00","$158,001.00",$ -,$ -
Turkmenistan,Millenium Challenge Corporation,$ -,$ -,$ -,$ -,$ -
Turkmenistan,The Peace Corps,$ -,$ -,$ -,$ -,$ -
Turkmenistan,USAID,"$278,616.00","$221,383.00",$ -,$ -,$ -
Turkmenistan,U.S. Department of Agriculture,$ -,$ -,$ -,$ -,$ -
Tuvalu,U.S. Department of State,$ -,$ -,$ -,$ -,$ -
Tuvalu,Millenium Challenge Corporation,$ -,$ -,$ -,$ -,$ -
Tuvalu,The Peace Corps,$ -,$ -,$ -,$ -,$ -
Tuvalu,USAID,$ -,$ -,$ -,$ -,$ -
Tuvalu,U.S. Department of Agriculture,$ -,$ -,$ -,$ -,$ -
Uganda,U.S. Department of State,$ -,$ -,$ -,$ -,$ -
Uganda,Millenium Challenge Corporation,$ -,$ -,$ -,$ -,$ -
Uganda,The Peace Corps,"$1,185,067.00","$949,765.00","$722,436.00","$981,656.00","$1,031,173.00"
Uganda,USAID,"$18,351,634.00","$16,539,398.00","$7,831,609.00","$5,480,298.00","$13,491,465.00"
Uganda,U.S. Department of Agriculture,$ -,$ -,$ -,$ -,$ -
Ukraine,U.S. Department of State,$ -,"$9,000.00","$41,300.00",$ -,$ -
Ukraine,Millenium Challenge Corporation,$ -,$ -,$ -,$ -,$ -
Ukraine,The Peace Corps,"$1,664,832.00","$2,707,626.00","$2,186,334.00","$3,278,343.00","$4,212,898.00"
Ukraine,USAID,"$1,000,000.00","$3,000,000.00","$1,678,346.00","$321,654.00","$1,900,000.00"
Ukraine,U.S. Department of Agriculture,$ -,$ -,$ -,$ -,$ -
United Arab Emirates,U.S. Department of State,$ -,$ -,$ -,$ -,$ -
United Arab Emirates,Millenium Challenge Corporation,$ -,$ -,$ -,$ -,$ -
United Arab Emirates,The Peace Corps,$ -,$ -,$ -,$ -,$ -
United Arab Emirates,USAID,$ -,$ -,$ -,$ -,$ -
United Arab Emirates,U.S. Department of Agriculture,$ -,$ -,$ -,$ -,$ -
United Kingdom,U.S. Department of State,$ -,$ -,$ -,$ -,$ -
United Kingdom,Millenium Challenge Corporation,$ -,$ -,$ -,$ -,$ -
United Kingdom,The Peace Corps,$ -,$ -,$ -,$ -,$ -
United Kingdom,USAID,$ -,$ -,$ -,$ -,$ -
United Kingdom,U.S. Department of Agriculture,$ -,$ -,$ -,$ -,$ -
United States,U.S. Department of State,$ -,$ -,$ -,$ -,$ -
United States,Millenium Challenge Corporation,$ -,$ -,$ -,$ -,$ -
United States,The Peace Corps,$ -,$ -,$ -,$ -,$ -
United States,USAID,$ -,$ -,$ -,$ -,$ -
United States,U.S. Department of Agriculture,$ -,$ -,$ -,$ -,$ -
Uruguay,U.S. Department of State,$ -,$ -,$ -,$ -,$ -
Uruguay,Millenium Challenge Corporation,$ -,$ -,$ -,$ -,$ -
Uruguay,The Peace Corps,$ -,$ -,$ -,$ -,$ -
Uruguay,USAID,$ -,$ -,$ -,$ -,$ -
Uruguay,U.S. Department of Agriculture,$ -,$ -,$ -,$ -,$ -
Uzbekistan,U.S. Department of State,"$477,608.00","$2,624,329.00","$1,536,031.00",$ -,$ -
Uzbekistan,Millenium Challenge Corporation,$ -,$ -,$ -,$ -,$ -
Uzbekistan,The Peace Corps,$ -,$ -,$ -,$ -,$ -
Uzbekistan,USAID,"$9,675,694.00","$10,491,982.00","$4,790,805.00","$1,590,401.00","$4,402.00"
Uzbekistan,U.S. Department of Agriculture,"$2,462,162.00","$162,288.00","$1,018,801.00",$ -,$ -
Vanuatu,U.S. Department of State,$ -,$ -,$ -,$ -,$ -
Vanuatu,Millenium Challenge Corporation,$ -,$ -,$ -,$ -,$ -
Vanuatu,The Peace Corps,"$607,272.00","$787,829.00","$648,108.00","$875,930.00","$1,173,124.00"
Vanuatu,USAID,$ -,$ -,$ -,$ -,$ -
Vanuatu,U.S. Department of Agriculture,$ -,$ -,$ -,$ -,$ -
Venezuela,U.S. Department of State,$ -,$ -,$ -,$ -,$ -
Venezuela,Millenium Challenge Corporation,$ -,$ -,$ -,$ -,$ -
Venezuela,The Peace Corps,$ -,$ -,$ -,$ -,$ -
Venezuela,USAID,$ -,"$112,021.00","$279,981.00","$8,000.00",$ -
Venezuela,U.S. Department of Agriculture,$ -,$ -,$ -,$ -,$ -
Vietnam,U.S. Department of State,$ -,$ -,$ -,$ -,$ -
Vietnam,Millenium Challenge Corporation,$ -,$ -,$ -,$ -,$ -
Vietnam,The Peace Corps,$ -,$ -,$ -,$ -,$ -
Vietnam,USAID,$ -,$ -,$ -,"$256,800.00","$2,143,201.00"
Vietnam,U.S. Department of Agriculture,$ -,$ -,$ -,$ -,$ -
Yemen,U.S. Department of State,$ -,"$11,290.00","$477,661.00",$ -,$ -
Yemen,Millenium Challenge Corporation,$ -,$ -,$ -,$ -,$ -
Yemen,The Peace Corps,$ -,$ -,$ -,$ -,$ -
Yemen,USAID,"$10,762,726.00","$13,719,309.00","$9,431,051.00","$10,302,838.00","$5,326,989.00"
Yemen,U.S. Department of Agriculture,$ -,$ -,$ -,$ -,$ -
Zambia,U.S. Department of State,$ -,"$4,050.00",$ -,$ -,$ -
Zambia,Millenium Challenge Corporation,$ -,$ -,$ -,$ -,$ -
Zambia,The Peace Corps,$ -,$ -,$ -,$ -,"$7,890.00"
Zambia,USAID,"$11,003,528.00","$20,350,477.00","$13,604,346.00","$13,461,995.00","$7,488,576.00"
Zambia,U.S. Department of Agriculture,$ -,$ -,$ -,$ -,$ -
Zimbabwe,U.S. Department of State,"$6,400.00",$ -,"$9,000.00",$ -,$ -
Zimbabwe,Millenium Challenge Corporation,$ -,$ -,$ -,$ -,$ -
Zimbabwe,The Peace Corps,$ -,$ -,$ -,$ -,$ -
Zimbabwe,USAID,$ -,$ -,$ -,$ -,"$24,297.00"
Zimbabwe,U.S. Department of Agriculture,$ -,$ -,$ -,$ -,$ -
West Bank and Gaza,Department of State,$ -,$ -,$ -,$ -,$ -
West Bank and Gaza,Millenium Challenge Corporation,$ -,$ -,$ -,$ -,$ -
West Bank and Gaza,Peace Corps,$ -,$ -,$ -,$ -,$ -
West Bank and Gaza,USAID,"$797,606.00","$2,000,000.00","-$10,793.00","-$1,993,631.00","$4,519,879.00"
West Bank and Gaza,Department of Agriculture,$ -,$ -,$ -,$ -,$ -
Worldwide,Department of State,$ -,$ -,$ -,$ -,$ -
Worldwide,Millenium Challenge Corporation,$ -,$ -,$ -,$ -,$ -
Worldwide,Peace Corps,"$93,438,343.00","$73,793,366.00","$74,620,335.00","$74,446,129.00","$95,739,305.00"
Worldwide,USAID,"$175,650,830.00","$159,011,654.00","$157,849,214.00","$110,295,800.00","$117,928,734.00"
Worldwide,Department of Agriculture,$ -,$ -,$ -,$ -,$ -
Asia Regional,Department of State,$ -,$ -,$ -,$ -,$ -
Asia Regional,Millenium Challenge Corporation,$ -,$ -,$ -,$ -,$ -
Asia Regional,Peace Corps,$ -,$ -,$ -,$ -,$ -
Asia Regional,USAID,"$2,414,670.00","$2,839,854.00","$516,522.00","$657,290.00","$2,232,493.00"
Asia Regional,Department of Agriculture,$ -,$ -,$ -,$ -,$ -
Africa Regional,Department of State,$ -,$ -,$ -,$ -,$ -
Africa Regional,Millenium Challenge Corporation,$ -,$ -,$ -,$ -,$ -
Africa Regional,Peace Corps,"$8,479,796.00","$9,165,216.00","$8,399,564.00","$10,226,447.00","$9,146,267.00"
Africa Regional,USAID,"$781,290.00","$969,116.00","$1,984,977.00","$2,232,351.00","$3,060,915.00"
Africa Regional,Department of Agriculture,$ -,$ -,$ -,$ -,$ -
Middle East Regional,Department of State,"$729,985.00","$6,472,588.00","$2,027,669.00",$ -,$ -
Middle East Regional,Millenium Challenge Corporation,$ -,$ -,$ -,$ -,$ -
Middle East Regional,Peace Corps,$ -,$ -,$ -,$ -,$ -
Middle East Regional,USAID,"$1,152,859.00","$1,461,550.00","$519,258.00","$1,925,471.00","$1,467,035.00"
Middle East Regional,Department of Agriculture,$ -,$ -,$ -,$ -,$ -
Europe and Eurasia Regional,Department of State,"$1,337,614.00","$1,918,948.00",$ -,$ -,$ -
Europe and Eurasia Regional,Millenium Challenge Corporation,$ -,$ -,$ -,$ -,$ -
Europe and Eurasia Regional,Peace Corps,$ -,$ -,$ -,$ -,$ -
Europe and Eurasia Regional,USAID,"$599,893.00","$413,728.00","$475,228.00","$555,193.00","$553,245.00"
Europe and Eurasia Regional,Department of Agriculture,$ -,$ -,$ -,$ -,$ -
Latin American and the Caribbean Regional,Department of State,$ -,$ -,$ -,$ -,$ -
Latin American and the Caribbean Regional,Millenium Challenge Corporation,$ -,$ -,$ -,$ -,$ -
Latin American and the Caribbean Regional,Peace Corps,"$2,393,397.00","$1,868,991.00","$1,313,347.00","$2,110,058.00","$2,939,158.00"
Latin American and the Caribbean Regional,USAID,"$14,568,730.00","$9,678,118.00","$8,181,801.00","$5,844,306.00","$11,768,417.00"
Latin American and the Caribbean Regional,Department of Agriculture,$ -,$ -,$ -,$ -,$ -